N,P,K,temperature,humidity,ph,rainfall,season,location,label
94.14,30.87,16.9,25.16,79.64,6.38,258.08,Kharif,Punjab,rice
25.68,80.66,12.19,24.06,33.64,6.82,159.14,Kharif,Karnataka,pigeonpeas
24.32,71.28,20.87,21.69,70.75,7.03,34.59,Rabi,Andhra Pradesh,lentil
125.49,13.93,42.84,26.6,87.51,6.65,27.88,Zaid,West Bengal,muskmelon
99.68,36.85,4.52,18.93,41.0,5.98,80.29,Kharif,West Bengal,maize
12.21,15.16,9.24,23.29,96.41,6.54,93.78,Annual,Madhya Pradesh,orange
122.06,18.18,52.26,24.45,87.41,6.66,69.89,Zaid,Telangana,watermelon
17.74,21.43,56.96,19.41,86.97,5.71,107.06,Annual,Karnataka,pomegranate
25.43,23.27,42.13,31.06,56.2,5.85,91.46,Annual,Maharashtra,mango
14.78,63.47,18.63,14.13,19.42,6.47,109.75,Kharif,West Bengal,kidneybeans
79.93,80.44,19.66,22.3,78.39,6.85,59.98,Annual,Uttar Pradesh,banana
21.85,67.82,11.0,15.1,33.86,5.71,89.5,Kharif,Maharashtra,kidneybeans
17.38,19.55,23.9,35.23,40.88,6.06,95.94,Annual,Telangana,mango
15.64,74.41,22.82,24.6,53.9,6.16,126.94,Kharif,West Bengal,pigeonpeas
76.68,58.36,38.09,29.21,79.79,6.78,235.26,Kharif,Karnataka,rice
37.69,134.59,192.28,16.36,73.83,5.81,68.37,Annual,West Bengal,grapes
89.96,24.47,57.33,29.26,87.89,6.1,41.86,Zaid,Karnataka,muskmelon
22.13,17.04,30.5,27.54,96.15,6.15,175.59,Annual,Tamil Nadu,coconut
115.43,38.22,5.03,24.99,81.23,6.37,79.11,Kharif,Madhya Pradesh,cotton
20.97,91.69,2.32,20.41,65.05,7.31,55.75,Rabi,Maharashtra,lentil
112.77,53.67,21.07,23.49,72.93,7.38,88.8,Kharif,Andhra Pradesh,cotton
0.35,13.52,38.29,26.23,85.32,6.74,126.14,Annual,Karnataka,pomegranate
88.15,8.77,61.07,29.96,74.15,7.13,51.3,Zaid,Karnataka,watermelon
38.62,47.13,25.98,30.26,62.78,7.05,81.42,Kharif,Karnataka,blackgram
123.68,88.65,39.85,31.59,73.22,6.01,117.19,Annual,Kerala,banana
94.94,60.46,47.11,26.23,72.04,5.87,53.32,Annual,Kerala,banana
108.44,35.73,38.68,22.46,74.86,7.59,175.02,Annual,Madhya Pradesh,coffee
21.17,70.94,31.66,30.13,55.49,6.88,34.94,Kharif,Maharashtra,mothbeans
82.19,53.13,42.42,19.68,84.58,5.97,280.98,Kharif,Kerala,rice
119.08,48.68,1.49,21.09,75.42,6.74,82.29,Kharif,West Bengal,cotton
148.0,18.66,39.09,27.16,98.21,5.88,17.48,Zaid,Punjab,muskmelon
35.53,73.65,31.69,15.46,22.42,5.33,100.44,Kharif,Tamil Nadu,kidneybeans
83.55,39.17,16.48,12.18,53.02,6.66,68.38,Kharif,West Bengal,maize
29.82,66.23,77.09,16.17,11.1,7.44,94.91,Rabi,Andhra Pradesh,chickpea
16.71,127.24,201.01,24.89,93.11,6.47,134.66,Rabi,Punjab,apple
10.82,66.07,8.28,14.92,16.5,6.22,97.75,Kharif,Maharashtra,kidneybeans
21.98,78.55,17.43,22.77,51.25,5.64,145.32,Kharif,Telangana,pigeonpeas
127.43,27.01,30.45,24.85,52.84,6.58,187.98,Annual,Tamil Nadu,coffee
19.17,17.58,29.63,24.05,37.67,6.29,102.38,Annual,Tamil Nadu,mango
140.44,29.44,9.43,23.56,78.15,6.57,82.67,Kharif,West Bengal,cotton
47.49,72.82,87.46,19.85,18.19,6.71,31.27,Rabi,Maharashtra,chickpea
23.55,145.09,187.57,24.92,91.89,5.68,131.26,Rabi,West Bengal,apple
100.16,35.45,49.74,27.1,82.51,5.9,195.63,Kharif,West Bengal,rice
9.63,96.77,187.33,27.45,99.42,5.8,92.84,Rabi,Kerala,apple
14.33,20.64,29.1,33.66,49.39,6.51,81.08,Annual,Maharashtra,mango
25.07,150.0,210.0,21.91,88.65,5.9,139.62,Rabi,Uttar Pradesh,apple
57.11,48.09,62.07,35.12,92.03,6.64,128.77,Annual,Tamil Nadu,papaya
39.64,82.91,26.85,34.73,93.47,6.96,127.29,Annual,Madhya Pradesh,papaya
78.11,69.47,60.02,33.11,90.26,7.25,161.31,Annual,Punjab,papaya
93.42,70.17,58.77,22.44,80.56,5.61,206.37,Kharif,Madhya Pradesh,rice
91.15,45.43,34.53,21.72,78.91,6.91,194.03,Kharif,Karnataka,jute
19.71,32.63,24.23,31.39,48.59,4.97,97.55,Annual,Kerala,mango
18.63,20.37,23.43,21.92,41.91,6.23,83.35,Annual,Andhra Pradesh,mango
8.82,117.24,210.0,27.56,89.12,6.0,66.86,Annual,Andhra Pradesh,grapes
116.27,39.34,33.08,23.63,59.18,6.66,218.04,Annual,Karnataka,coffee
10.82,13.28,15.61,28.12,48.09,5.1,98.71,Annual,Maharashtra,mango
14.57,122.56,210.0,20.07,99.12,5.86,104.27,Rabi,Maharashtra,apple
10.73,128.51,195.11,23.51,82.26,6.64,46.01,Annual,Maharashtra,grapes
81.21,34.39,49.27,29.24,88.99,6.86,23.74,Zaid,Tamil Nadu,muskmelon
6.39,8.41,26.89,31.83,93.06,6.2,184.46,Annual,Karnataka,coconut
63.76,56.82,44.72,22.1,80.1,6.07,208.56,Kharif,West Bengal,jute
16.76,58.8,15.8,23.37,81.61,7.36,62.48,Kharif,Andhra Pradesh,mungbean
98.07,92.05,38.8,22.81,78.45,5.92,73.98,Annual,Kerala,banana
85.2,100.34,36.09,28.28,77.63,5.82,69.4,Annual,Tamil Nadu,banana
79.06,40.86,46.34,25.01,83.7,6.47,215.01,Kharif,Uttar Pradesh,rice
114.59,50.47,0.0,22.4,82.15,7.01,69.55,Kharif,Madhya Pradesh,cotton
97.85,9.52,15.07,28.1,60.46,5.37,57.66,Kharif,Uttar Pradesh,maize
72.98,33.71,23.74,24.78,68.04,6.17,105.47,Kharif,Maharashtra,maize
12.85,65.52,8.41,25.56,30.97,6.98,33.48,Kharif,Telangana,mothbeans
47.77,35.3,57.9,27.23,90.83,7.14,131.75,Annual,West Bengal,papaya
12.5,44.23,0.0,24.62,92.32,7.12,69.79,Kharif,Tamil Nadu,mungbean
19.07,44.2,16.83,22.36,23.26,5.38,91.3,Kharif,Tamil Nadu,kidneybeans
20.45,18.0,25.47,28.25,90.42,6.62,203.5,Annual,Karnataka,coconut
98.07,38.47,21.36,23.64,53.19,7.53,150.26,Annual,West Bengal,coffee
114.4,35.0,26.96,27.87,55.23,6.9,160.0,Annual,Uttar Pradesh,coffee
82.14,14.06,53.38,34.35,92.87,6.38,33.63,Zaid,Maharashtra,muskmelon
78.08,46.49,26.97,26.82,74.85,6.12,203.99,Kharif,Andhra Pradesh,jute
45.29,67.4,24.81,34.12,69.49,6.82,86.59,Kharif,Punjab,blackgram
15.75,63.95,16.96,25.37,43.06,5.93,72.99,Kharif,Andhra Pradesh,mothbeans
15.06,76.83,24.31,17.96,19.11,7.01,88.66,Kharif,Madhya Pradesh,kidneybeans
23.14,5.24,23.44,29.87,98.51,6.24,202.51,Annual,Uttar Pradesh,coconut
79.64,43.65,24.45,24.71,65.33,6.84,115.65,Kharif,Uttar Pradesh,maize
56.12,43.02,28.12,17.37,62.94,6.24,77.48,Kharif,West Bengal,maize
42.16,53.86,85.83,14.87,17.18,7.16,81.06,Rabi,Maharashtra,chickpea
28.08,40.8,11.24,27.87,54.18,5.81,49.39,Kharif,West Bengal,mothbeans
37.62,63.07,16.42,31.43,70.13,7.68,65.03,Kharif,Tamil Nadu,blackgram
20.21,24.18,5.24,20.44,89.43,6.26,136.79,Annual,Andhra Pradesh,orange
16.06,59.28,32.39,16.88,25.33,5.06,101.58,Kharif,Maharashtra,kidneybeans
25.42,12.0,26.0,22.7,89.78,5.69,113.57,Annual,Andhra Pradesh,pomegranate
91.55,23.68,62.36,22.48,81.53,6.28,28.0,Zaid,Uttar Pradesh,watermelon
14.79,49.66,30.13,29.66,72.0,7.02,41.63,Kharif,Madhya Pradesh,mungbean
25.1,26.09,17.95,26.26,88.97,5.83,128.61,Annual,Andhra Pradesh,orange
89.71,82.1,61.83,27.35,80.6,5.98,62.67,Annual,Maharashtra,banana
84.29,44.14,26.91,22.93,74.83,6.49,187.13,Kharif,Telangana,jute
118.38,20.72,52.81,32.98,85.47,6.9,20.24,Zaid,Kerala,muskmelon
81.53,57.38,37.34,23.01,86.95,6.97,182.97,Kharif,Punjab,jute
17.67,13.03,37.88,27.41,90.64,6.26,206.43,Annual,Maharashtra,coconut
35.82,57.74,15.45,26.74,48.67,5.61,149.48,Kharif,Telangana,pigeonpeas
77.6,37.18,16.8,22.11,77.42,6.12,274.52,Kharif,West Bengal,rice
13.23,15.01,41.42,16.56,88.18,7.04,115.45,Annual,Karnataka,pomegranate
75.74,22.19,63.98,21.28,81.64,6.15,43.19,Zaid,Andhra Pradesh,watermelon
80.4,35.73,36.1,20.87,85.18,6.11,171.17,Kharif,Maharashtra,rice
30.53,65.75,11.81,18.95,67.79,6.74,36.54,Rabi,Uttar Pradesh,lentil
88.9,55.37,31.59,22.5,65.98,5.79,85.58,Kharif,Punjab,maize
13.99,28.26,32.26,27.18,43.02,5.29,91.39,Annual,Punjab,mango
43.68,98.04,24.91,32.39,62.54,6.6,65.29,Kharif,Karnataka,blackgram
50.02,82.12,81.02,13.35,10.0,7.43,63.16,Rabi,Telangana,chickpea
12.38,41.22,23.83,32.25,84.81,6.98,28.33,Kharif,Madhya Pradesh,mungbean
84.16,44.85,11.38,18.85,75.66,5.64,58.9,Kharif,Telangana,maize
19.22,24.56,14.94,35.42,55.96,5.53,121.09,Annual,West Bengal,mango
53.69,65.67,85.95,21.47,15.27,7.5,119.69,Rabi,Karnataka,chickpea
34.64,54.19,98.91,13.19,10.0,7.85,102.14,Rabi,West Bengal,chickpea
24.51,70.72,24.98,24.54,55.82,6.16,68.49,Kharif,Telangana,mothbeans
89.61,38.87,11.9,24.51,58.33,5.84,100.16,Kharif,Andhra Pradesh,maize
14.95,26.32,44.66,28.81,91.24,6.75,110.81,Annual,Punjab,pomegranate
14.22,15.14,47.95,19.42,88.28,5.69,114.67,Annual,Tamil Nadu,pomegranate
99.53,52.4,46.37,26.02,73.08,6.23,207.75,Kharif,Punjab,rice
76.44,17.27,48.95,24.08,78.9,6.83,139.38,Kharif,West Bengal,jute
28.51,53.26,42.52,19.13,23.28,6.06,142.54,Kharif,Punjab,kidneybeans
76.85,44.06,22.42,20.6,92.65,5.69,186.13,Kharif,Madhya Pradesh,rice
11.33,31.68,26.36,28.87,53.79,5.5,80.83,Kharif,Telangana,mothbeans
18.07,76.81,21.48,17.41,60.43,7.22,15.0,Rabi,Telangana,lentil
57.56,38.32,43.87,27.57,77.36,7.43,175.68,Kharif,Andhra Pradesh,jute
101.94,48.09,20.76,14.25,55.13,6.44,115.32,Kharif,West Bengal,maize
16.73,125.1,186.22,23.2,98.79,6.27,105.55,Rabi,Uttar Pradesh,apple
94.05,45.73,33.81,23.91,86.73,7.23,79.86,Kharif,Kerala,cotton
120.44,15.11,36.93,24.88,85.07,7.13,53.42,Zaid,Punjab,watermelon
25.94,133.18,192.24,19.85,81.06,6.19,71.47,Annual,Andhra Pradesh,grapes
35.15,71.55,93.17,22.97,22.45,6.72,97.27,Rabi,Karnataka,chickpea
24.29,76.02,19.02,27.64,60.44,7.62,64.62,Kharif,Uttar Pradesh,mothbeans
105.88,83.92,60.71,28.82,78.99,6.31,97.68,Annual,Maharashtra,banana
10.84,34.35,25.28,31.85,45.15,6.34,83.18,Annual,Kerala,mango
73.51,76.81,39.86,23.36,78.22,6.1,170.93,Kharif,Maharashtra,jute
20.6,123.77,210.0,19.48,83.29,6.15,65.88,Annual,West Bengal,grapes
10.22,147.32,185.2,26.14,85.78,6.01,65.52,Annual,West Bengal,grapes
87.61,38.47,45.48,25.56,74.76,6.17,240.48,Kharif,Tamil Nadu,rice
33.94,26.68,15.06,24.5,92.12,6.86,141.42,Annual,Punjab,orange
38.94,22.65,20.46,29.05,73.31,7.75,67.18,Kharif,Telangana,blackgram
51.09,45.66,61.02,30.8,90.82,7.57,137.34,Annual,Maharashtra,papaya
18.36,34.38,5.22,24.74,92.54,6.56,53.3,Kharif,West Bengal,mungbean
38.79,72.1,11.96,25.13,68.27,6.55,53.5,Kharif,Maharashtra,blackgram
27.43,22.9,48.19,27.45,98.06,5.71,193.44,Annual,Andhra Pradesh,coconut
18.65,3.43,31.1,24.27,97.22,5.86,160.7,Annual,Tamil Nadu,coconut
145.58,29.16,18.72,23.87,77.85,7.39,85.14,Kharif,Tamil Nadu,cotton
28.96,76.61,46.59,31.3,94.1,6.3,157.55,Annual,Telangana,papaya
10.27,55.1,0.0,16.56,18.63,5.55,127.15,Kharif,Maharashtra,kidneybeans
21.01,26.59,18.61,30.13,54.63,5.99,90.4,Annual,Madhya Pradesh,mango
17.19,147.66,210.0,20.27,75.03,5.94,102.33,Annual,Tamil Nadu,grapes
127.72,74.13,59.49,30.6,79.94,5.95,62.09,Annual,Kerala,banana
13.74,46.84,20.06,18.17,70.23,7.44,43.69,Rabi,Karnataka,lentil
24.7,131.48,209.15,25.04,84.39,5.89,92.47,Annual,Punjab,grapes
24.19,30.31,3.02,30.1,56.41,5.77,97.93,Annual,Kerala,mango
15.46,139.64,210.0,22.98,95.2,5.07,102.14,Rabi,Andhra Pradesh,apple
57.33,43.87,47.23,26.48,77.09,6.91,170.37,Kharif,Kerala,jute
19.24,10.59,1.06,27.6,89.79,7.22,117.98,Annual,Telangana,orange
42.6,68.1,85.82,21.35,11.94,6.63,92.45,Rabi,Karnataka,chickpea
5.91,20.1,53.83,21.24,93.25,6.91,110.34,Annual,Uttar Pradesh,pomegranate
19.72,24.1,22.84,21.22,90.26,7.33,80.29,Annual,Madhya Pradesh,pomegranate
10.15,137.77,186.89,23.96,84.33,6.41,69.09,Annual,Uttar Pradesh,grapes
93.62,26.1,45.75,31.42,87.9,6.29,22.38,Zaid,Maharashtra,muskmelon
4.24,64.33,19.68,15.82,35.3,5.77,96.85,Kharif,Madhya Pradesh,kidneybeans
128.55,47.3,30.86,20.41,80.59,6.9,77.14,Kharif,Maharashtra,cotton
17.83,64.6,34.99,17.82,67.75,6.61,36.16,Rabi,Karnataka,lentil
0.0,150.0,192.67,25.51,93.41,6.38,128.04,Rabi,Tamil Nadu,apple
18.58,74.09,18.18,16.51,19.81,5.16,112.94,Kharif,Uttar Pradesh,kidneybeans
75.99,21.66,27.89,24.74,60.86,6.48,205.22,Annual,Madhya Pradesh,coffee
100.25,20.2,53.91,33.57,94.08,6.62,20.79,Zaid,Uttar Pradesh,muskmelon
24.67,0.18,4.2,18.34,84.87,6.75,151.38,Annual,Uttar Pradesh,orange
11.89,58.6,18.86,33.67,52.05,6.78,59.61,Kharif,Madhya Pradesh,mothbeans
46.24,55.0,105.9,21.88,21.28,6.5,58.55,Rabi,West Bengal,chickpea
86.56,46.11,16.53,27.16,70.84,6.75,129.46,Kharif,West Bengal,maize
27.41,150.0,210.0,34.72,96.5,5.3,37.04,Annual,Karnataka,grapes
50.73,60.13,67.66,19.13,18.66,7.05,86.08,Rabi,Maharashtra,chickpea
138.38,22.69,22.34,25.46,78.82,5.77,78.78,Kharif,Uttar Pradesh,cotton
100.47,9.36,56.34,33.63,88.45,7.09,28.64,Zaid,West Bengal,muskmelon
24.64,134.45,197.93,30.73,77.43,5.87,51.44,Annual,Andhra Pradesh,grapes
33.88,62.47,27.07,26.84,83.5,7.39,44.69,Kharif,West Bengal,mungbean
76.58,51.43,36.05,24.98,81.18,6.34,286.3,Kharif,Kerala,rice
99.93,52.46,27.68,17.94,69.63,6.3,44.87,Kharif,West Bengal,maize
15.95,22.84,63.04,17.77,89.4,6.04,87.6,Annual,Madhya Pradesh,pomegranate
27.34,105.68,178.26,26.15,79.89,5.72,62.58,Annual,West Bengal,grapes
109.79,73.09,34.13,29.31,83.22,6.14,247.3,Kharif,Kerala,rice
80.93,40.37,19.29,24.02,76.75,4.94,34.96,Kharif,Punjab,maize
36.46,66.74,49.13,31.5,96.29,6.12,85.84,Annual,Tamil Nadu,papaya
107.81,77.06,42.47,24.73,81.32,5.92,110.05,Annual,Andhra Pradesh,banana
65.67,75.02,50.02,31.54,91.54,6.31,143.35,Annual,Punjab,papaya
96.11,0.0,63.95,26.35,84.34,6.33,35.8,Zaid,Madhya Pradesh,watermelon
42.12,74.15,76.64,27.27,11.71,7.41,74.28,Rabi,Punjab,chickpea
12.47,5.44,19.77,21.21,91.19,5.81,125.92,Annual,Maharashtra,pomegranate
51.18,51.29,19.56,19.23,58.34,5.59,106.66,Kharif,Uttar Pradesh,maize
25.07,110.73,210.0,18.98,79.79,5.59,54.46,Annual,West Bengal,grapes
40.24,61.48,78.41,20.91,26.6,7.51,89.52,Rabi,Karnataka,chickpea
36.01,122.34,191.32,26.83,95.76,6.22,100.2,Rabi,Andhra Pradesh,apple
116.99,91.58,66.23,28.19,66.79,5.4,116.62,Annual,Telangana,banana
26.63,62.06,35.99,31.56,53.26,6.69,58.64,Kharif,Tamil Nadu,mothbeans
117.92,25.59,15.2,22.64,81.2,7.87,81.1,Kharif,Tamil Nadu,cotton
21.24,49.99,33.14,29.06,59.44,7.16,32.7,Kharif,Maharashtra,mothbeans
24.76,64.19,17.46,26.04,77.51,7.48,56.32,Kharif,Maharashtra,mungbean
20.21,40.97,13.92,20.95,17.23,5.39,131.19,Kharif,Andhra Pradesh,kidneybeans
16.42,135.62,185.32,17.02,88.12,6.16,64.99,Annual,Uttar Pradesh,grapes
43.18,84.29,34.38,28.37,91.67,6.6,172.44,Annual,Andhra Pradesh,papaya
35.56,58.93,87.77,19.3,17.83,7.84,92.26,Rabi,Punjab,chickpea
38.58,56.17,28.78,30.05,56.85,7.0,43.85,Kharif,West Bengal,blackgram
91.13,21.22,11.4,27.51,65.16,6.31,131.49,Kharif,Kerala,maize
94.72,18.22,53.12,30.19,84.98,6.04,67.31,Zaid,Tamil Nadu,watermelon
52.22,36.74,17.38,23.41,58.49,5.88,84.01,Kharif,Tamil Nadu,maize
81.1,69.05,36.79,33.15,97.48,6.6,182.64,Annual,Madhya Pradesh,papaya
55.92,52.21,47.56,34.29,91.97,6.84,189.34,Annual,Telangana,papaya
42.81,56.63,69.61,13.41,18.74,7.12,27.56,Rabi,Uttar Pradesh,chickpea
87.62,46.03,17.01,32.48,64.88,5.17,59.94,Kharif,Uttar Pradesh,maize
111.45,65.77,52.97,26.45,78.04,6.42,86.67,Annual,Maharashtra,banana
109.64,28.98,27.48,20.2,78.03,6.38,250.97,Kharif,Karnataka,rice
28.36,69.35,12.82,17.25,43.23,6.18,139.41,Kharif,Telangana,pigeonpeas
78.65,30.97,17.56,28.92,56.55,5.4,108.56,Kharif,Madhya Pradesh,maize
105.88,64.7,19.99,23.35,80.42,7.34,65.97,Kharif,Andhra Pradesh,cotton
86.92,35.5,36.61,27.52,73.36,6.37,239.51,Kharif,Maharashtra,rice
122.8,66.82,51.21,25.8,78.7,6.02,72.68,Annual,Telangana,banana
74.08,18.71,22.06,27.38,50.4,5.77,56.06,Kharif,Tamil Nadu,maize
44.7,78.79,32.48,26.68,76.99,6.37,81.19,Kharif,West Bengal,blackgram
126.91,46.8,18.4,19.66,75.82,6.5,91.5,Kharif,Punjab,cotton
29.86,55.91,0.9,22.45,79.39,8.14,71.39,Kharif,Telangana,blackgram
9.3,72.74,36.44,18.24,20.63,5.95,145.65,Kharif,Madhya Pradesh,kidneybeans
65.52,40.53,3.32,26.46,69.03,5.97,22.98,Kharif,Uttar Pradesh,maize
26.07,84.04,14.55,22.84,70.93,6.81,41.09,Rabi,Karnataka,lentil
72.42,39.82,55.11,26.91,78.51,5.79,231.31,Kharif,Uttar Pradesh,rice
105.97,10.09,15.9,24.25,51.57,6.84,147.64,Annual,Karnataka,coffee
18.88,28.16,0.0,23.41,84.9,6.67,59.5,Kharif,Telangana,mungbean
31.15,134.04,210.0,22.82,92.09,5.84,123.28,Rabi,Telangana,apple
17.54,150.0,210.0,22.43,85.76,5.58,90.92,Rabi,Kerala,apple
15.61,28.45,35.03,30.9,53.3,6.13,94.53,Annual,Kerala,mango
12.53,58.87,10.48,30.53,40.23,6.35,137.98,Kharif,Andhra Pradesh,pigeonpeas
93.47,84.5,43.93,26.56,76.05,5.94,119.6,Annual,Kerala,banana
18.11,10.27,6.49,29.68,90.99,6.51,114.85,Annual,West Bengal,orange
91.15,23.27,51.65,30.95,91.14,6.26,32.32,Zaid,Punjab,muskmelon
14.3,72.04,21.57,20.15,67.01,5.08,162.58,Kharif,Madhya Pradesh,pigeonpeas
37.61,47.49,16.82,26.16,34.53,6.66,67.17,Kharif,Kerala,mothbeans
18.89,70.44,15.94,26.07,66.87,6.87,62.86,Rabi,Telangana,lentil
78.9,52.34,43.64,23.8,83.97,6.3,159.36,Kharif,Andhra Pradesh,jute
71.1,36.74,24.08,23.58,59.84,6.83,82.14,Kharif,Tamil Nadu,maize
16.22,31.32,26.21,20.15,98.53,6.6,97.65,Annual,Madhya Pradesh,pomegranate
62.27,68.02,58.76,29.27,81.52,6.56,183.91,Kharif,Maharashtra,jute
3.64,20.16,4.5,22.96,88.75,6.68,113.67,Annual,Uttar Pradesh,orange
18.61,20.45,12.52,27.96,92.4,5.8,142.89,Annual,Uttar Pradesh,orange
28.65,114.13,210.0,20.72,100.0,5.82,130.16,Rabi,Punjab,apple
37.4,117.69,201.7,21.14,90.7,5.72,96.57,Rabi,West Bengal,apple
22.9,13.98,11.81,24.89,91.79,6.52,192.69,Annual,Karnataka,coconut
12.21,28.7,8.23,19.02,95.41,6.42,118.17,Annual,Andhra Pradesh,orange
75.57,48.48,35.93,24.15,82.93,6.45,216.43,Kharif,Kerala,rice
79.34,7.65,25.24,27.6,88.91,6.04,28.35,Zaid,Kerala,muskmelon
55.01,51.84,42.26,32.71,88.32,6.61,193.49,Annual,Maharashtra,papaya
33.34,73.73,16.25,30.63,56.11,6.42,81.33,Kharif,West Bengal,blackgram
78.5,37.36,49.63,24.75,89.32,6.33,23.25,Zaid,Punjab,muskmelon
40.73,21.56,17.49,28.87,48.24,6.86,89.38,Annual,Kerala,mango
26.41,66.78,30.3,25.82,52.68,6.05,195.05,Kharif,Uttar Pradesh,pigeonpeas
61.22,54.25,38.43,37.63,95.49,6.76,181.71,Annual,West Bengal,papaya
65.51,56.1,46.04,20.76,74.38,6.84,171.67,Kharif,Maharashtra,jute
104.56,61.42,29.95,26.72,81.03,6.24,182.09,Kharif,Maharashtra,jute
13.21,7.51,26.03,28.31,91.4,5.81,172.33,Annual,Andhra Pradesh,coconut
63.86,34.45,28.57,26.41,61.96,6.41,55.98,Kharif,Maharashtra,maize
12.54,134.04,191.83,21.59,99.83,5.97,122.66,Rabi,West Bengal,apple
27.18,64.84,17.47,26.0,57.92,6.41,129.99,Kharif,Punjab,pigeonpeas
79.67,34.31,10.88,24.76,63.74,6.88,144.0,Annual,Uttar Pradesh,coffee
99.52,46.33,24.84,28.99,85.5,5.25,66.54,Kharif,Tamil Nadu,maize
87.45,49.14,37.68,25.23,82.03,6.38,276.61,Kharif,Madhya Pradesh,rice
32.22,61.41,9.41,19.75,73.61,7.08,43.54,Rabi,West Bengal,lentil
78.67,35.7,26.37,23.06,60.55,6.15,127.41,Kharif,Kerala,maize
119.44,43.33,38.97,25.78,74.24,6.13,87.96,Kharif,Tamil Nadu,cotton
97.95,16.81,46.52,24.94,86.18,6.12,33.59,Zaid,Karnataka,muskmelon
63.93,52.31,57.23,25.15,12.04,7.29,63.28,Rabi,Telangana,chickpea
23.15,30.7,26.22,29.8,47.52,6.71,20.75,Kharif,Madhya Pradesh,mothbeans
51.89,53.78,83.87,30.03,95.52,6.83,143.44,Annual,Uttar Pradesh,papaya
101.34,18.42,54.39,25.0,78.11,6.36,59.1,Zaid,Telangana,watermelon
53.94,40.58,41.36,31.7,96.81,6.49,118.13,Annual,Madhya Pradesh,papaya
40.77,69.85,15.69,26.25,64.94,6.88,93.27,Kharif,Karnataka,blackgram
7.67,28.77,22.44,33.57,54.37,5.91,62.86,Annual,Andhra Pradesh,mango
124.1,17.59,27.28,23.95,73.36,7.7,165.61,Annual,Uttar Pradesh,coffee
104.88,29.53,31.95,25.44,52.78,7.04,137.81,Annual,Telangana,coffee
25.44,55.54,16.53,27.88,52.7,7.64,15.0,Kharif,Telangana,mothbeans
110.96,77.34,34.79,22.19,81.05,5.93,91.14,Annual,Karnataka,banana
79.86,36.38,44.79,20.39,83.95,6.24,224.1,Kharif,Karnataka,rice
39.0,63.63,81.29,23.39,25.27,7.3,91.31,Rabi,Telangana,chickpea
33.08,5.77,44.64,22.62,92.11,7.22,145.72,Annual,Karnataka,pomegranate
25.72,40.71,0.0,29.95,79.82,6.93,70.89,Kharif,Kerala,mungbean
10.46,56.73,23.35,19.19,32.7,5.47,123.1,Kharif,West Bengal,kidneybeans
67.05,90.34,48.79,26.01,79.45,5.26,109.8,Annual,Maharashtra,banana
61.58,55.91,49.59,32.83,93.8,6.24,159.06,Annual,Tamil Nadu,papaya
44.5,126.4,210.0,27.47,78.51,6.33,83.07,Annual,Madhya Pradesh,grapes
9.48,17.32,6.42,24.01,94.07,7.05,105.77,Annual,West Bengal,orange
19.39,16.93,30.38,25.59,94.16,6.19,200.87,Annual,Telangana,coconut
80.58,48.11,35.98,25.73,83.37,5.74,210.75,Kharif,Telangana,rice
18.22,14.32,3.83,24.32,97.3,5.64,78.93,Annual,Kerala,orange
21.58,144.06,207.67,31.3,84.37,6.17,65.41,Annual,Kerala,grapes
63.99,39.45,29.06,29.06,51.63,5.94,118.95,Kharif,Kerala,maize
11.14,42.87,20.27,28.69,81.05,7.15,40.68,Kharif,Maharashtra,mungbean
67.48,56.06,34.96,25.4,79.85,6.9,210.77,Kharif,Madhya Pradesh,jute
43.19,83.19,15.56,20.27,70.82,6.22,65.54,Rabi,Maharashtra,lentil
21.63,55.4,15.62,17.85,29.08,6.7,113.96,Kharif,Punjab,kidneybeans
22.81,150.0,201.04,23.36,91.06,5.7,125.17,Rabi,West Bengal,apple
95.92,16.96,25.21,27.41,96.37,6.76,24.14,Zaid,Tamil Nadu,muskmelon
108.32,22.31,4.93,24.88,48.77,7.06,107.97,Annual,Tamil Nadu,coffee
19.07,26.75,34.02,20.22,90.05,6.01,100.93,Annual,Kerala,pomegranate
17.39,132.68,198.27,29.57,84.51,5.97,79.09,Annual,Maharashtra,grapes
6.74,16.05,26.52,21.77,90.22,6.25,126.84,Annual,Punjab,pomegranate
85.3,96.38,47.5,27.84,75.6,5.89,70.7,Annual,Kerala,banana
71.32,34.05,53.58,28.67,72.26,6.82,181.82,Kharif,Andhra Pradesh,jute
79.93,48.12,51.55,26.83,70.54,6.32,232.88,Kharif,Maharashtra,rice
47.63,66.4,26.23,39.31,93.1,7.57,123.27,Annual,Telangana,papaya
96.17,27.8,13.35,24.58,62.86,6.24,112.11,Kharif,Tamil Nadu,maize
33.05,32.15,30.75,18.82,88.7,7.01,79.25,Annual,Telangana,pomegranate
16.53,14.88,45.62,23.46,93.99,6.27,108.5,Annual,Telangana,pomegranate
47.54,68.04,57.22,32.12,86.17,6.96,155.49,Annual,Madhya Pradesh,papaya
14.96,12.29,40.07,27.16,48.43,5.8,102.71,Annual,Karnataka,mango
43.48,66.58,15.96,28.99,61.46,7.58,66.95,Kharif,Karnataka,blackgram
87.24,46.52,30.23,24.01,84.82,6.97,170.33,Kharif,Karnataka,jute
107.13,54.25,6.99,26.9,74.38,5.87,87.54,Kharif,Andhra Pradesh,maize
72.07,47.35,47.81,27.28,94.24,7.04,120.11,Annual,West Bengal,papaya
21.66,72.4,30.27,17.03,47.06,6.4,28.54,Rabi,Uttar Pradesh,lentil
14.55,16.85,61.59,27.36,85.78,5.94,83.81,Annual,Telangana,pomegranate
18.11,53.66,27.94,28.71,43.52,5.87,147.49,Kharif,Kerala,pigeonpeas
18.03,122.5,207.06,24.22,92.44,6.3,107.97,Rabi,Telangana,apple
18.32,17.1,13.61,16.85,90.96,6.56,119.54,Annual,Punjab,orange
87.03,19.08,67.29,25.51,77.73,6.16,45.72,Zaid,Karnataka,watermelon
108.5,77.07,50.09,26.99,75.43,6.08,63.77,Annual,Telangana,banana
24.86,65.88,14.03,14.79,17.93,6.0,111.73,Kharif,Madhya Pradesh,kidneybeans
27.56,21.1,38.43,26.05,95.23,6.2,136.22,Annual,Kerala,coconut
0.0,67.15,25.14,28.78,46.97,6.62,159.34,Kharif,Kerala,pigeonpeas
20.29,126.37,210.0,17.29,87.35,6.0,122.43,Rabi,Andhra Pradesh,apple
130.13,23.46,46.75,25.68,65.89,6.98,146.42,Annual,Telangana,coffee
17.95,45.09,47.98,34.87,43.65,5.36,78.43,Annual,Uttar Pradesh,mango
40.79,54.65,89.7,17.76,10.0,7.81,64.26,Rabi,Maharashtra,chickpea
12.29,128.39,197.24,24.73,75.59,5.46,77.8,Annual,Karnataka,grapes
94.57,34.6,47.5,27.82,72.24,5.68,235.11,Kharif,Uttar Pradesh,rice
130.87,48.07,17.1,24.93,86.82,7.15,85.2,Kharif,Maharashtra,cotton
98.74,34.91,37.23,25.72,60.51,7.34,183.76,Annual,Tamil Nadu,coffee
86.54,32.83,26.97,28.34,60.49,6.82,150.74,Annual,Andhra Pradesh,coffee
12.66,72.27,17.9,26.32,60.72,5.43,152.74,Kharif,Kerala,pigeonpeas
23.4,15.2,29.62,30.13,91.73,6.22,182.91,Annual,Tamil Nadu,coconut
26.18,0.0,31.88,28.21,95.64,5.42,194.33,Annual,Telangana,coconut
116.94,51.05,15.03,26.71,77.46,5.85,86.33,Kharif,Andhra Pradesh,cotton
16.89,113.6,192.26,22.74,91.25,5.92,52.16,Annual,Karnataka,grapes
95.43,17.86,22.77,28.76,61.78,6.38,67.42,Kharif,Karnataka,maize
42.13,56.6,50.84,31.99,85.73,6.21,150.75,Annual,Telangana,papaya
87.15,40.15,13.68,24.52,62.44,5.43,48.2,Kharif,Tamil Nadu,maize
123.25,32.17,16.08,21.62,83.38,6.71,78.54,Kharif,Tamil Nadu,cotton
35.8,46.69,23.06,23.02,57.08,5.95,161.38,Kharif,Maharashtra,pigeonpeas
36.0,85.92,89.22,17.77,24.83,6.93,95.18,Rabi,Madhya Pradesh,chickpea
3.47,43.79,32.95,27.35,92.45,7.02,33.74,Kharif,Maharashtra,mungbean
91.53,45.79,51.34,23.92,83.76,5.8,248.01,Kharif,Madhya Pradesh,rice
45.91,52.81,73.73,23.12,23.32,7.26,75.89,Rabi,Punjab,chickpea
96.13,31.11,39.39,28.99,87.64,6.18,27.77,Zaid,West Bengal,muskmelon
33.55,52.39,23.42,17.04,31.56,5.35,90.29,Kharif,Kerala,kidneybeans
17.34,45.07,21.35,29.14,55.44,6.67,54.29,Kharif,Uttar Pradesh,mothbeans
131.02,30.21,7.18,25.75,76.27,7.35,47.4,Kharif,Telangana,cotton
20.2,23.26,4.11,20.87,98.58,5.63,100.96,Annual,Karnataka,orange
106.9,21.18,40.82,24.01,82.39,6.02,25.23,Zaid,Madhya Pradesh,watermelon
133.58,33.28,36.32,26.02,90.64,5.81,220.19,Kharif,Madhya Pradesh,rice
89.87,67.11,18.29,20.81,66.42,6.32,71.83,Kharif,Karnataka,maize
21.72,71.01,14.98,22.4,19.39,5.58,114.65,Kharif,Madhya Pradesh,kidneybeans
18.08,45.53,13.08,30.15,66.67,7.61,53.05,Kharif,Karnataka,mothbeans
124.82,23.13,46.7,29.28,83.39,6.22,44.18,Zaid,Kerala,watermelon
27.53,46.08,13.2,28.28,78.98,6.18,28.1,Kharif,Telangana,mungbean
100.61,20.58,27.37,22.48,58.55,6.69,142.17,Annual,Kerala,coffee
12.64,65.19,13.83,15.35,58.46,6.33,38.7,Rabi,Tamil Nadu,lentil
30.43,62.64,19.47,32.11,69.91,7.33,63.96,Kharif,Karnataka,blackgram
29.78,3.95,7.96,20.22,100.0,6.18,100.4,Annual,Madhya Pradesh,orange
124.82,52.61,17.71,20.63,76.81,7.19,82.73,Kharif,Tamil Nadu,cotton
101.08,35.82,58.02,32.83,89.85,6.83,25.27,Zaid,Madhya Pradesh,muskmelon
124.45,41.25,20.32,20.25,76.86,7.09,110.15,Kharif,Tamil Nadu,cotton
9.23,46.33,33.32,17.73,17.12,5.66,75.45,Kharif,Punjab,kidneybeans
21.57,50.31,16.31,19.76,24.57,5.44,108.23,Kharif,Punjab,kidneybeans
26.9,120.32,189.83,22.85,77.47,5.41,80.14,Annual,Uttar Pradesh,grapes
16.62,75.17,17.21,23.89,68.23,7.03,46.91,Rabi,Telangana,lentil
20.39,58.81,1.77,29.77,83.33,6.24,55.05,Kharif,Maharashtra,mungbean
9.5,59.56,22.19,27.32,85.06,5.51,47.14,Kharif,Maharashtra,mungbean
31.2,65.08,13.85,17.26,12.93,6.0,116.8,Kharif,Punjab,kidneybeans
18.22,19.9,30.6,25.74,94.03,6.08,149.84,Annual,Uttar Pradesh,coconut
71.29,46.95,22.05,26.61,62.93,6.36,74.53,Kharif,Madhya Pradesh,maize
4.83,82.05,27.49,13.36,19.18,6.35,116.01,Kharif,Tamil Nadu,kidneybeans
12.07,13.29,35.85,24.89,90.64,7.04,114.88,Annual,Madhya Pradesh,pomegranate
24.78,63.3,17.77,19.41,25.01,5.73,106.61,Kharif,Tamil Nadu,kidneybeans
95.09,8.68,32.0,31.28,94.81,6.87,17.75,Zaid,Maharashtra,muskmelon
29.15,31.97,40.84,29.17,48.34,5.6,105.93,Annual,Madhya Pradesh,mango
12.76,46.97,18.38,32.62,56.41,6.9,63.51,Kharif,Kerala,mothbeans
33.16,28.91,60.84,30.42,87.02,6.96,165.14,Annual,Telangana,papaya
30.95,150.0,182.7,23.94,96.87,6.46,96.59,Rabi,Maharashtra,apple
41.01,78.61,105.28,17.69,16.9,8.21,44.56,Rabi,Kerala,chickpea
19.33,17.51,20.63,21.22,93.38,6.28,128.48,Annual,Andhra Pradesh,pomegranate
73.86,35.55,35.7,25.79,79.07,7.26,198.12,Kharif,Telangana,jute
66.49,34.13,20.09,27.52,51.02,5.44,34.06,Kharif,Tamil Nadu,maize
11.56,75.07,19.6,17.04,16.51,5.69,111.02,Kharif,West Bengal,kidneybeans
6.87,52.05,26.11,28.14,44.32,6.31,65.39,Kharif,Telangana,mothbeans
40.55,56.45,14.21,18.95,58.22,7.34,36.98,Rabi,Punjab,lentil
22.75,49.89,92.58,18.13,10.35,7.41,64.55,Rabi,Karnataka,chickpea
139.92,55.3,15.0,20.86,77.08,7.39,103.57,Kharif,Uttar Pradesh,cotton
29.94,29.7,26.22,27.37,94.65,6.16,188.44,Annual,Telangana,coconut
78.73,24.0,13.9,24.59,65.93,6.31,51.99,Kharif,Telangana,maize
107.3,17.05,44.77,23.33,79.65,6.34,66.5,Zaid,Punjab,watermelon
29.75,124.7,195.67,26.28,80.01,6.45,56.21,Annual,West Bengal,grapes
21.56,27.9,15.65,31.44,39.65,5.72,50.48,Kharif,Karnataka,mothbeans
16.5,120.95,187.89,19.25,93.47,5.81,120.63,Rabi,Kerala,apple
24.13,43.08,13.59,25.69,82.31,6.71,52.22,Kharif,Kerala,mungbean
42.32,118.15,181.05,25.07,72.81,5.61,84.92,Annual,West Bengal,grapes
3.13,124.9,210.0,22.24,91.45,5.56,72.88,Rabi,Punjab,apple
16.25,111.15,197.91,22.65,78.02,5.52,77.79,Annual,Andhra Pradesh,grapes
19.95,23.21,28.61,22.05,90.82,6.47,91.33,Annual,Andhra Pradesh,pomegranate
8.36,40.77,25.96,26.87,86.78,6.34,50.98,Kharif,West Bengal,mungbean
26.07,69.67,21.73,17.87,23.59,5.91,106.18,Kharif,Madhya Pradesh,kidneybeans
75.43,58.3,33.54,26.7,85.53,7.19,179.51,Kharif,Tamil Nadu,jute
32.4,126.35,195.22,21.31,86.73,6.03,96.75,Rabi,Uttar Pradesh,apple
28.68,150.0,185.49,26.23,77.59,6.21,66.78,Annual,Madhya Pradesh,grapes
29.38,27.21,0.0,26.8,78.11,6.58,53.08,Kharif,Uttar Pradesh,mungbean
80.03,51.8,39.86,22.49,76.0,6.91,155.5,Kharif,Punjab,jute
45.65,51.32,36.26,37.1,95.53,6.59,153.8,Annual,Tamil Nadu,papaya
0.0,19.06,8.26,26.25,93.58,6.7,95.79,Annual,Andhra Pradesh,orange
98.49,12.22,17.22,19.28,69.44,5.76,95.1,Kharif,Punjab,maize
25.14,19.72,50.34,24.82,91.13,6.34,122.89,Annual,Maharashtra,pomegranate
7.6,150.0,184.26,29.53,83.68,5.61,74.68,Annual,Telangana,grapes
1.48,7.79,32.61,27.97,95.48,6.14,159.34,Annual,Madhya Pradesh,coconut
36.48,62.74,36.93,32.57,30.59,5.47,129.93,Kharif,West Bengal,pigeonpeas
10.99,32.71,58.74,20.99,91.13,5.91,117.85,Annual,Madhya Pradesh,pomegranate
74.8,20.91,56.77,32.38,94.9,6.44,29.3,Zaid,Tamil Nadu,muskmelon
42.87,73.99,72.0,19.39,12.06,6.68,81.67,Rabi,Uttar Pradesh,chickpea
23.83,7.0,12.38,19.77,91.43,7.08,82.04,Annual,Andhra Pradesh,orange
10.43,10.97,28.41,32.72,54.73,6.14,63.93,Annual,Tamil Nadu,mango
28.73,57.98,15.95,35.12,54.44,7.31,73.73,Kharif,Tamil Nadu,blackgram
37.28,61.66,53.2,31.56,100.0,6.87,173.21,Annual,Maharashtra,papaya
114.25,53.74,14.1,24.27,75.99,7.06,96.08,Kharif,Madhya Pradesh,cotton
15.45,26.68,31.75,24.59,48.24,5.71,105.95,Annual,Kerala,mango
42.43,71.5,21.63,31.53,51.98,7.03,49.24,Kharif,Punjab,blackgram
32.02,52.34,15.58,27.63,42.36,6.19,144.38,Kharif,West Bengal,pigeonpeas
22.18,60.58,16.66,32.46,75.39,7.58,49.74,Kharif,Telangana,blackgram
90.16,18.5,39.2,21.37,80.35,6.05,41.68,Zaid,Telangana,watermelon
21.0,61.94,7.71,13.57,17.5,5.8,92.84,Kharif,Tamil Nadu,kidneybeans
43.24,79.51,98.86,26.28,11.01,7.12,84.61,Rabi,Maharashtra,chickpea
17.89,35.32,28.66,25.69,84.53,6.08,73.35,Kharif,Andhra Pradesh,mungbean
16.11,15.24,27.33,31.44,63.72,5.96,77.7,Annual,Maharashtra,mango
21.41,11.99,31.69,30.71,39.63,5.53,88.76,Annual,Karnataka,mango
90.26,66.2,63.77,25.65,80.09,5.66,136.92,Annual,Punjab,banana
20.14,17.36,23.3,15.42,92.86,6.29,105.74,Annual,Uttar Pradesh,orange
43.52,57.78,32.13,26.83,95.67,6.4,198.37,Annual,Uttar Pradesh,papaya
100.05,112.63,45.35,27.97,94.15,5.98,103.31,Annual,Punjab,banana
23.32,65.84,26.78,24.26,38.16,5.48,152.99,Kharif,West Bengal,pigeonpeas
105.05,42.0,16.58,22.38,70.33,6.89,77.7,Kharif,Punjab,cotton
107.86,63.05,40.03,25.01,82.82,5.75,102.86,Annual,Tamil Nadu,banana
104.84,27.23,27.97,22.96,65.32,6.94,161.11,Annual,West Bengal,coffee
25.42,14.02,36.08,31.34,49.22,5.69,99.09,Annual,West Bengal,mango
67.0,40.14,20.09,23.61,57.81,5.36,87.32,Kharif,West Bengal,maize
27.79,39.41,20.86,26.06,56.98,6.47,39.7,Kharif,Maharashtra,mothbeans
19.04,75.67,27.14,22.83,68.43,7.43,35.02,Rabi,Telangana,lentil
112.2,94.3,49.24,26.65,87.96,5.89,106.89,Annual,West Bengal,banana
21.52,10.25,16.01,24.5,98.9,6.98,109.82,Annual,Karnataka,orange
59.6,43.91,24.36,24.93,70.72,6.14,94.8,Kharif,Uttar Pradesh,maize
34.54,12.46,16.44,24.09,96.0,7.23,125.77,Annual,Punjab,pomegranate
94.83,40.4,9.71,18.56,51.58,5.22,87.74,Kharif,Andhra Pradesh,maize
47.4,93.32,75.76,18.32,17.71,7.79,63.67,Rabi,Telangana,chickpea
10.67,65.62,18.05,20.25,64.93,6.63,63.73,Rabi,Tamil Nadu,lentil
21.37,3.34,29.24,28.3,94.41,6.28,165.57,Annual,Maharashtra,coconut
86.42,32.36,31.11,23.92,54.29,6.8,188.65,Annual,Madhya Pradesh,coffee
76.96,46.77,52.13,24.03,73.54,6.19,193.9,Kharif,West Bengal,rice
66.27,44.07,23.1,19.39,64.27,6.61,104.43,Kharif,Karnataka,maize
9.36,73.73,19.58,31.65,40.92,5.0,148.98,Kharif,Maharashtra,pigeonpeas
103.28,52.77,11.99,30.73,58.75,6.62,86.7,Kharif,Andhra Pradesh,maize
25.59,23.37,38.61,31.62,62.63,6.22,116.22,Annual,Karnataka,mango
23.49,133.93,178.82,21.18,90.13,5.98,113.71,Rabi,Andhra Pradesh,apple
114.84,39.75,12.65,25.22,78.87,6.6,62.77,Kharif,West Bengal,cotton
16.91,150.0,210.0,25.26,92.74,5.72,111.82,Rabi,Karnataka,apple
75.51,51.53,54.13,23.1,88.06,6.39,197.51,Kharif,Andhra Pradesh,jute
29.01,146.05,202.84,20.25,92.43,6.56,90.12,Rabi,Telangana,apple
78.98,26.32,36.78,27.04,53.42,6.39,160.34,Annual,West Bengal,coffee
13.77,15.92,51.27,17.99,86.63,7.03,106.52,Annual,Uttar Pradesh,pomegranate
63.23,36.15,25.29,21.43,64.85,5.95,101.8,Kharif,Uttar Pradesh,maize
35.49,51.34,74.7,18.1,12.97,7.14,98.57,Rabi,Maharashtra,chickpea
52.59,61.69,37.67,33.33,96.25,7.29,116.3,Annual,Maharashtra,papaya
103.41,5.45,49.03,32.22,96.35,6.35,40.64,Zaid,Karnataka,muskmelon
50.79,50.63,87.67,21.33,21.5,7.74,61.11,Rabi,West Bengal,chickpea
69.48,61.51,57.24,24.46,80.08,6.78,185.72,Kharif,West Bengal,rice
11.82,48.81,1.01,26.28,89.81,6.64,51.77,Kharif,Punjab,mungbean
86.72,88.91,55.02,30.86,79.95,5.74,124.73,Annual,Karnataka,banana
118.1,39.08,25.42,23.19,72.37,6.8,83.83,Kharif,West Bengal,cotton
21.9,20.44,35.19,21.06,82.65,6.63,108.23,Annual,Maharashtra,pomegranate
31.55,75.31,82.49,13.72,21.62,7.93,57.86,Rabi,Andhra Pradesh,chickpea
60.69,58.3,42.8,32.25,96.15,6.99,141.8,Annual,Andhra Pradesh,papaya
29.1,115.09,202.78,27.09,79.25,5.4,54.41,Annual,Tamil Nadu,grapes
44.59,56.11,21.55,29.82,52.57,7.23,69.31,Kharif,Punjab,blackgram
31.33,42.31,31.15,30.2,45.2,5.7,84.0,Annual,Andhra Pradesh,mango
114.31,62.64,31.18,24.45,82.83,6.61,74.56,Kharif,Telangana,cotton
5.15,80.3,24.99,30.6,53.58,5.72,118.11,Kharif,Kerala,pigeonpeas
6.95,59.11,13.81,31.08,46.79,6.49,68.2,Kharif,Tamil Nadu,mothbeans
26.78,136.33,197.92,22.62,85.59,5.87,88.47,Annual,West Bengal,grapes
5.84,19.81,14.98,29.7,46.84,5.74,119.79,Annual,Tamil Nadu,mango
94.74,115.88,35.37,25.42,84.51,6.2,117.18,Annual,Karnataka,banana
93.51,22.69,53.43,22.42,89.67,6.29,38.34,Zaid,Telangana,watermelon
5.3,38.99,14.01,25.68,89.85,6.09,54.51,Kharif,Kerala,mungbean
67.57,58.64,48.95,22.84,74.49,5.01,208.26,Kharif,Madhya Pradesh,rice
26.8,20.4,46.37,27.56,88.79,5.88,74.32,Annual,Karnataka,pomegranate
29.62,90.44,25.86,24.05,66.35,6.9,52.94,Rabi,Maharashtra,lentil
113.53,11.28,56.16,29.92,86.36,6.81,58.58,Zaid,Uttar Pradesh,watermelon
96.89,19.09,61.97,22.89,90.21,7.21,27.99,Zaid,Kerala,muskmelon
18.74,136.23,210.0,21.22,90.53,5.79,90.4,Rabi,Maharashtra,apple
108.09,37.71,33.46,18.56,81.19,5.78,208.82,Kharif,Karnataka,rice
25.78,22.25,30.03,33.03,58.9,6.15,96.5,Annual,Uttar Pradesh,mango
108.33,18.88,48.76,25.89,94.57,6.36,20.04,Zaid,Andhra Pradesh,muskmelon
10.83,40.62,22.0,22.26,52.54,7.56,66.83,Kharif,West Bengal,mothbeans
76.52,29.21,27.21,25.54,44.78,7.06,147.53,Annual,Telangana,coffee
20.77,9.8,1.28,19.95,88.99,6.77,130.25,Annual,Tamil Nadu,orange
86.39,27.22,57.83,28.46,90.26,6.39,43.62,Zaid,Maharashtra,watermelon
21.82,48.25,14.62,14.5,51.44,6.96,53.4,Rabi,West Bengal,lentil
97.12,43.69,21.69,27.78,78.97,5.99,187.21,Kharif,Maharashtra,rice
33.3,78.62,89.29,13.57,15.12,7.38,90.58,Rabi,Karnataka,chickpea
68.09,44.4,28.56,26.43,78.77,6.12,161.02,Kharif,Andhra Pradesh,jute
33.8,53.99,65.74,24.26,21.13,7.79,75.79,Rabi,Maharashtra,chickpea
14.67,16.81,39.95,21.65,94.44,6.54,76.95,Annual,Uttar Pradesh,pomegranate
44.4,43.28,85.63,29.09,20.84,8.04,78.66,Rabi,Telangana,chickpea
100.79,29.63,26.63,25.45,65.71,6.69,102.29,Annual,Telangana,coffee
15.96,11.97,30.97,24.47,94.99,5.78,125.31,Annual,Karnataka,coconut
34.43,34.12,29.49,24.19,96.21,5.51,161.27,Annual,West Bengal,coconut
122.03,32.66,57.7,24.48,88.69,7.04,19.89,Zaid,Punjab,watermelon
29.09,60.8,7.47,33.56,73.1,7.28,72.49,Kharif,Uttar Pradesh,blackgram
14.94,62.92,21.31,27.99,52.94,5.51,109.7,Kharif,Tamil Nadu,pigeonpeas
23.84,48.92,19.99,29.04,45.47,6.34,219.35,Kharif,Andhra Pradesh,pigeonpeas
28.35,19.2,9.55,20.0,95.32,5.93,114.86,Annual,Punjab,orange
22.9,11.09,9.18,21.23,95.2,6.05,116.99,Annual,Madhya Pradesh,orange
126.06,42.52,27.54,26.98,71.81,6.2,120.63,Kharif,Madhya Pradesh,cotton
28.9,79.81,32.56,18.49,54.38,7.23,56.71,Rabi,Kerala,lentil
87.11,12.75,40.21,24.52,62.57,6.83,166.71,Annual,Karnataka,coffee
88.48,58.36,18.38,25.5,51.12,6.7,65.99,Kharif,Punjab,maize
71.92,79.66,45.78,30.39,81.29,6.54,189.14,Annual,Kerala,papaya
12.35,45.74,13.14,26.36,67.86,6.85,41.61,Kharif,West Bengal,mothbeans
17.0,13.16,16.86,25.6,97.06,5.89,178.13,Annual,West Bengal,coconut
99.24,11.38,38.01,25.61,82.23,6.47,46.42,Zaid,Karnataka,watermelon
83.36,46.01,22.66,20.76,68.42,5.73,71.96,Kharif,Uttar Pradesh,maize
65.06,54.82,44.53,25.16,77.72,7.23,174.02,Kharif,Uttar Pradesh,jute
46.81,65.73,32.17,25.54,53.19,6.79,49.23,Kharif,West Bengal,blackgram
79.67,24.37,21.83,27.87,65.34,5.31,81.9,Kharif,Punjab,maize
8.17,31.36,17.03,27.74,80.62,7.03,49.02,Kharif,Tamil Nadu,mungbean
33.2,23.05,43.41,19.76,90.15,6.48,113.0,Annual,Punjab,pomegranate
36.0,42.51,26.24,24.36,54.78,7.36,85.93,Kharif,Punjab,blackgram
13.88,147.81,202.75,21.43,95.62,6.17,120.41,Rabi,Kerala,apple
47.7,76.61,86.92,19.02,16.02,7.09,127.69,Rabi,Punjab,chickpea
25.68,73.55,13.39,18.02,63.18,7.27,27.48,Rabi,Uttar Pradesh,lentil
23.38,150.0,200.75,24.88,89.1,6.46,97.91,Rabi,Maharashtra,apple
5.83,39.59,31.36,32.83,55.8,5.35,76.71,Annual,Uttar Pradesh,mango
15.81,42.65,18.85,24.98,65.66,7.24,45.41,Kharif,West Bengal,mothbeans
98.28,41.07,23.96,27.44,75.49,6.35,119.02,Kharif,West Bengal,cotton
40.57,14.7,44.5,18.7,92.11,6.84,93.24,Annual,Kerala,pomegranate
24.55,43.75,34.7,14.42,30.17,6.31,116.55,Kharif,Andhra Pradesh,kidneybeans
69.34,59.72,41.5,26.23,82.59,6.38,223.85,Kharif,Telangana,rice
113.77,35.0,11.17,31.27,81.25,7.51,97.11,Kharif,Punjab,cotton
19.91,35.64,48.81,30.51,45.11,4.72,112.27,Annual,Madhya Pradesh,mango
85.44,90.23,41.77,25.3,77.31,5.51,61.22,Annual,Karnataka,banana
9.41,46.52,19.1,22.68,19.88,6.45,112.04,Kharif,Punjab,kidneybeans
31.88,41.84,20.16,30.28,53.24,6.65,49.55,Kharif,Uttar Pradesh,mothbeans
38.17,150.0,198.21,24.54,77.77,6.05,59.89,Annual,Karnataka,grapes
77.56,19.43,52.66,25.33,86.59,6.3,31.53,Zaid,Andhra Pradesh,muskmelon
80.78,13.34,54.29,24.1,89.84,6.23,25.66,Zaid,Maharashtra,muskmelon
10.3,52.57,13.44,31.29,78.54,6.76,67.25,Kharif,Kerala,mungbean
81.36,57.85,22.86,27.85,57.2,5.67,96.49,Kharif,Madhya Pradesh,maize
13.55,57.54,11.01,19.32,28.18,5.35,110.67,Kharif,Madhya Pradesh,kidneybeans
18.35,33.49,27.79,32.63,48.55,6.06,63.05,Annual,West Bengal,mango
105.57,37.41,51.27,23.62,83.84,5.91,71.73,Zaid,West Bengal,watermelon
111.26,18.5,52.62,26.51,81.79,5.89,64.36,Zaid,Madhya Pradesh,watermelon
22.89,81.06,28.42,19.37,13.01,5.14,115.67,Kharif,Tamil Nadu,kidneybeans
0.8,16.33,9.24,24.05,90.2,6.31,122.39,Annual,Karnataka,orange
31.54,38.31,24.5,30.91,84.27,6.01,29.54,Kharif,Punjab,mungbean
26.41,53.28,18.25,25.82,51.58,4.74,176.73,Kharif,Kerala,pigeonpeas
24.36,21.21,39.65,19.96,93.33,6.98,126.68,Annual,Kerala,pomegranate
17.58,40.68,36.33,24.34,53.64,5.41,112.96,Annual,Maharashtra,mango
72.66,38.14,14.29,13.39,51.98,5.19,28.76,Kharif,Telangana,maize
23.99,45.89,14.85,30.56,30.98,6.97,74.29,Kharif,West Bengal,mothbeans
29.42,74.55,18.27,35.12,60.79,7.52,86.23,Kharif,Tamil Nadu,blackgram
16.3,55.36,23.78,28.46,60.97,6.81,97.7,Kharif,Maharashtra,mothbeans
19.38,141.54,210.0,22.46,75.95,6.19,77.62,Annual,Tamil Nadu,grapes
26.54,70.24,18.24,19.69,22.03,5.41,142.01,Kharif,Maharashtra,kidneybeans
36.7,59.03,7.04,15.85,59.37,6.41,46.4,Rabi,Tamil Nadu,lentil
5.31,55.51,27.85,12.79,27.71,6.56,97.61,Kharif,West Bengal,kidneybeans
27.83,12.51,35.3,17.17,92.82,6.28,65.67,Annual,Uttar Pradesh,pomegranate
8.92,21.03,22.92,26.58,93.56,5.81,167.82,Annual,Telangana,coconut
79.83,15.66,48.92,32.24,97.26,6.13,33.18,Zaid,Kerala,muskmelon
23.21,20.52,33.88,26.26,92.47,6.72,161.09,Annual,Kerala,coconut
19.81,21.51,49.63,20.78,88.51,7.39,105.13,Annual,Tamil Nadu,pomegranate
22.32,86.53,8.01,26.97,51.66,5.34,159.02,Kharif,Punjab,pigeonpeas
93.05,35.72,30.83,24.71,87.49,6.44,131.68,Kharif,Maharashtra,jute
11.64,66.28,24.09,28.31,53.7,6.51,178.11,Kharif,Punjab,pigeonpeas
86.2,43.41,42.03,21.97,85.53,6.47,245.4,Kharif,Punjab,rice
77.05,43.52,38.47,26.15,87.0,5.78,225.0,Kharif,Tamil Nadu,rice
17.24,25.97,40.33,34.75,66.04,4.89,77.88,Annual,Maharashtra,mango
21.55,13.0,40.64,15.97,80.72,6.82,97.51,Annual,Punjab,pomegranate
107.78,25.45,13.16,26.56,47.91,6.95,156.97,Annual,Punjab,coffee
89.52,42.45,9.53,24.34,75.42,7.14,80.9,Kharif,Punjab,cotton
11.23,36.05,28.21,30.56,55.54,5.37,85.64,Annual,Uttar Pradesh,mango
27.55,42.36,17.71,23.64,60.82,7.05,69.29,Kharif,Andhra Pradesh,mothbeans
18.77,57.49,13.61,28.36,87.23,6.5,62.6,Kharif,Karnataka,mungbean
133.49,37.04,26.75,23.15,72.76,7.2,107.95,Kharif,West Bengal,cotton
25.16,39.63,11.58,27.3,64.01,6.54,36.94,Kharif,Maharashtra,mothbeans
16.29,60.08,33.54,15.86,16.92,5.73,113.28,Kharif,Kerala,kidneybeans
33.34,32.55,47.3,27.68,93.37,5.17,175.27,Annual,Madhya Pradesh,coconut
18.1,34.2,27.93,34.29,35.38,6.63,68.97,Kharif,Uttar Pradesh,mothbeans
102.71,57.68,8.77,27.5,71.42,6.85,112.51,Kharif,Telangana,cotton
100.83,41.22,18.16,19.02,82.88,7.41,79.84,Kharif,Andhra Pradesh,cotton
109.84,20.26,65.47,31.64,99.83,6.62,30.43,Zaid,West Bengal,muskmelon
34.86,2.44,62.74,20.3,91.39,5.69,124.94,Annual,Tamil Nadu,pomegranate
30.3,131.77,172.56,20.73,92.23,5.92,123.12,Rabi,Uttar Pradesh,apple
85.97,95.49,31.46,25.33,77.14,6.76,87.87,Annual,Maharashtra,banana
46.07,45.4,64.17,32.98,85.98,6.71,120.11,Annual,Andhra Pradesh,papaya
70.5,46.89,45.14,23.78,87.05,6.51,140.27,Kharif,Madhya Pradesh,jute
69.99,57.03,47.97,24.82,85.34,6.63,187.94,Kharif,Karnataka,jute
21.09,72.31,5.99,15.63,44.91,7.76,67.91,Rabi,Uttar Pradesh,lentil
111.38,81.5,55.4,24.04,92.77,5.79,110.09,Annual,West Bengal,banana
80.89,28.9,50.9,25.24,82.74,6.54,129.33,Kharif,Kerala,jute
21.05,150.0,184.1,19.11,96.5,5.91,98.58,Rabi,Punjab,apple
119.92,30.6,47.64,26.07,90.93,7.28,73.35,Zaid,Punjab,watermelon
62.92,46.04,50.64,31.79,91.38,6.49,180.14,Annual,Andhra Pradesh,papaya
25.31,17.21,29.8,22.53,61.43,6.36,65.73,Kharif,Karnataka,mothbeans
28.64,130.39,210.0,24.19,81.23,6.52,56.53,Annual,Uttar Pradesh,grapes
103.41,22.63,49.9,25.69,83.79,6.9,54.84,Zaid,Tamil Nadu,watermelon
94.45,75.29,36.76,29.84,82.28,6.1,89.16,Annual,West Bengal,banana
7.6,45.39,16.74,31.51,79.02,6.41,36.52,Kharif,West Bengal,mungbean
25.86,54.62,31.57,29.71,52.63,7.3,66.1,Kharif,Madhya Pradesh,mothbeans
36.18,138.33,210.0,24.6,94.47,6.56,90.35,Rabi,Andhra Pradesh,apple
22.24,123.25,205.99,18.71,83.86,6.12,66.95,Annual,Punjab,grapes
15.24,137.27,203.55,27.84,85.16,5.96,62.92,Annual,Tamil Nadu,grapes
43.96,150.0,210.0,22.98,92.91,6.02,112.0,Rabi,Kerala,apple
9.52,22.5,23.03,18.21,93.42,6.09,163.79,Annual,West Bengal,orange
25.93,15.13,11.63,21.21,95.43,6.26,98.54,Annual,Andhra Pradesh,orange
8.37,24.84,35.27,30.26,90.65,6.35,198.39,Annual,Tamil Nadu,coconut
88.02,32.56,36.81,25.65,80.99,5.97,240.12,Kharif,Telangana,rice
37.91,63.05,6.47,25.71,61.18,6.76,71.77,Kharif,Punjab,blackgram
47.63,60.73,56.72,33.95,93.09,6.27,154.71,Annual,Punjab,papaya
39.13,61.72,89.48,13.87,13.9,7.64,62.72,Rabi,Karnataka,chickpea
94.75,36.97,34.64,26.92,57.79,7.13,133.16,Annual,Madhya Pradesh,coffee
26.91,51.07,0.0,29.64,42.97,6.09,47.17,Kharif,Madhya Pradesh,mothbeans
17.64,22.31,23.62,31.68,51.77,5.59,102.41,Annual,Kerala,mango
31.0,40.97,18.28,31.21,34.9,7.78,86.66,Kharif,Karnataka,mothbeans
78.81,29.08,29.55,27.37,61.98,7.04,116.45,Annual,Andhra Pradesh,coffee
24.92,80.06,22.47,25.22,27.18,5.84,150.77,Kharif,Andhra Pradesh,pigeonpeas
23.16,76.26,20.4,26.22,76.42,7.49,56.46,Rabi,Andhra Pradesh,lentil
32.95,76.85,25.67,25.76,46.32,6.67,57.73,Rabi,Andhra Pradesh,lentil
26.76,62.6,18.47,17.71,53.79,6.57,39.27,Rabi,Karnataka,lentil
105.93,21.04,35.37,23.37,71.93,6.97,137.5,Annual,Madhya Pradesh,coffee
16.85,48.52,14.71,32.43,87.44,6.3,51.42,Kharif,Punjab,mungbean
5.18,20.95,29.02,28.67,41.56,5.73,143.61,Annual,Maharashtra,mango
15.95,10.57,29.66,24.38,90.11,6.12,94.64,Annual,Karnataka,pomegranate
16.42,88.46,22.82,19.02,18.78,5.5,61.27,Kharif,Madhya Pradesh,kidneybeans
24.59,43.46,24.22,28.94,53.58,6.87,56.78,Kharif,Kerala,mothbeans
26.77,54.39,24.3,28.22,82.38,6.29,69.35,Kharif,Kerala,mungbean
126.37,35.91,20.17,28.66,78.88,7.82,83.27,Kharif,Telangana,cotton
106.34,58.28,39.31,29.06,82.46,5.87,206.22,Kharif,Madhya Pradesh,rice
60.12,55.71,29.79,34.6,91.96,7.26,145.72,Annual,West Bengal,papaya
29.87,11.67,37.96,34.19,44.73,7.01,98.93,Annual,Uttar Pradesh,mango
110.67,0.0,70.89,32.77,92.87,5.83,37.1,Zaid,Kerala,muskmelon
55.18,56.25,36.27,31.72,94.83,6.56,135.99,Annual,Andhra Pradesh,papaya
21.29,84.78,18.55,19.34,24.28,5.28,115.21,Kharif,Telangana,kidneybeans
96.15,38.06,54.38,23.19,90.2,6.32,201.41,Kharif,Tamil Nadu,jute
15.6,21.09,34.65,25.58,92.61,6.17,209.42,Annual,Tamil Nadu,coconut
23.76,54.94,29.33,19.08,22.54,6.14,139.46,Kharif,Kerala,kidneybeans
27.06,18.83,15.69,22.08,89.18,6.33,123.91,Annual,Kerala,orange
84.31,58.86,32.45,26.89,74.98,6.75,168.94,Kharif,Uttar Pradesh,jute
28.0,11.34,7.01,18.27,93.75,6.23,92.76,Annual,Kerala,orange
37.07,44.38,9.24,23.97,60.77,6.77,63.15,Kharif,Uttar Pradesh,mothbeans
22.75,138.36,210.0,17.21,88.81,5.91,97.4,Rabi,Andhra Pradesh,apple
20.49,141.84,201.01,27.31,87.98,5.64,114.66,Rabi,Kerala,apple
26.91,30.43,12.34,25.3,93.98,5.64,106.91,Annual,Andhra Pradesh,orange
101.86,48.45,46.68,22.93,86.49,6.85,191.19,Kharif,Karnataka,rice
124.64,52.24,28.17,22.1,79.85,6.58,83.26,Kharif,Uttar Pradesh,cotton
123.57,60.61,26.13,28.04,76.41,6.92,64.69,Kharif,Andhra Pradesh,cotton
30.45,19.7,30.82,27.59,95.02,5.61,166.87,Annual,West Bengal,coconut
35.1,69.74,47.01,19.84,15.12,6.89,96.63,Rabi,Madhya Pradesh,chickpea
10.7,129.66,201.2,21.28,89.79,5.78,121.67,Rabi,Punjab,apple
32.68,72.86,17.57,31.81,63.57,7.61,76.35,Kharif,Madhya Pradesh,blackgram
18.21,15.93,42.94,22.56,94.62,6.55,95.74,Annual,Madhya Pradesh,pomegranate
59.36,33.72,14.17,27.09,69.47,6.03,75.2,Kharif,Uttar Pradesh,maize
40.55,69.95,74.66,37.04,96.76,6.83,133.91,Annual,Telangana,papaya
25.64,53.47,31.26,21.69,24.6,5.9,109.52,Kharif,Tamil Nadu,kidneybeans
19.45,62.74,89.74,16.12,15.94,6.95,105.04,Rabi,Uttar Pradesh,chickpea
28.68,49.31,26.38,24.2,64.02,6.17,119.76,Kharif,Andhra Pradesh,pigeonpeas
87.6,26.88,25.37,20.9,58.38,6.26,72.71,Kharif,Kerala,maize
21.37,70.11,23.22,27.05,32.59,5.49,137.78,Kharif,Kerala,pigeonpeas
35.21,48.92,47.32,36.91,96.48,7.03,144.02,Annual,Punjab,papaya
23.68,24.58,46.23,20.64,93.15,7.03,122.6,Annual,Punjab,pomegranate
92.75,33.26,40.31,22.86,42.02,6.07,161.53,Annual,Maharashtra,coffee
49.91,48.96,55.61,21.62,80.1,5.9,194.23,Kharif,Uttar Pradesh,rice
93.18,95.29,64.08,24.46,78.69,5.7,106.74,Annual,Kerala,banana
28.25,45.14,18.9,29.26,86.72,6.99,58.42,Kharif,Uttar Pradesh,mungbean
25.4,4.89,26.59,19.23,92.73,7.02,132.61,Annual,Punjab,pomegranate
18.46,46.09,13.35,21.93,82.2,6.88,52.04,Kharif,Madhya Pradesh,mungbean
93.11,6.83,68.29,30.21,91.91,5.75,15.69,Zaid,Maharashtra,muskmelon
23.77,48.97,27.5,17.0,26.18,5.39,108.54,Kharif,Andhra Pradesh,kidneybeans
31.62,31.86,10.97,26.55,48.63,7.8,65.03,Kharif,Telangana,mothbeans
18.93,36.76,39.09,27.58,44.55,5.94,102.07,Annual,Tamil Nadu,mango
89.65,48.71,28.46,23.46,80.24,6.22,182.6,Kharif,Tamil Nadu,jute
126.03,48.66,13.87,27.77,83.56,6.68,102.07,Kharif,Kerala,cotton
122.51,89.4,53.59,23.93,82.46,5.39,137.63,Annual,Karnataka,banana
23.19,68.64,33.5,31.41,37.4,6.2,176.77,Kharif,Kerala,pigeonpeas
19.58,22.7,30.03,29.3,48.21,5.11,104.81,Annual,Uttar Pradesh,mango
28.52,52.53,28.58,29.83,55.1,7.35,63.79,Kharif,Madhya Pradesh,mothbeans
43.51,66.9,0.0,28.03,68.4,7.92,95.3,Kharif,Madhya Pradesh,blackgram
36.85,79.89,26.28,23.15,42.87,5.75,126.74,Kharif,Punjab,pigeonpeas
25.65,29.18,45.34,26.78,92.01,6.55,109.81,Annual,Karnataka,pomegranate
48.35,79.23,82.53,19.3,19.4,5.87,81.05,Rabi,Andhra Pradesh,chickpea
95.68,32.65,54.42,23.5,73.72,5.78,189.16,Kharif,Punjab,rice
36.34,20.5,44.54,20.38,91.86,5.64,88.18,Annual,Kerala,pomegranate
29.71,143.9,210.0,18.88,97.49,5.42,89.19,Rabi,Telangana,apple
42.21,84.7,16.21,29.38,71.05,6.07,62.17,Kharif,Karnataka,blackgram
26.28,11.3,3.83,23.6,88.83,6.99,75.91,Annual,Madhya Pradesh,orange
53.92,54.76,87.77,16.67,10.0,7.81,98.2,Rabi,Uttar Pradesh,chickpea
103.14,12.81,55.06,22.11,83.49,5.61,67.58,Zaid,Andhra Pradesh,watermelon
87.68,38.04,37.76,25.73,82.88,5.77,233.62,Kharif,West Bengal,rice
22.74,22.17,24.81,25.6,98.18,6.17,201.45,Annual,Uttar Pradesh,coconut
76.46,54.32,43.85,24.53,81.8,5.94,247.84,Kharif,Maharashtra,rice
25.11,65.23,27.59,18.76,60.97,7.0,24.61,Rabi,Madhya Pradesh,lentil
131.34,18.93,33.14,22.94,63.91,6.92,186.36,Annual,Madhya Pradesh,coffee
29.87,57.36,15.15,28.08,78.59,6.6,40.61,Kharif,Madhya Pradesh,mungbean
104.18,67.46,45.14,25.09,75.07,5.91,40.8,Annual,Punjab,banana
6.79,62.18,8.24,23.0,44.06,5.13,161.39,Kharif,Telangana,pigeonpeas
45.99,51.69,27.82,28.73,57.1,7.77,91.95,Kharif,West Bengal,blackgram
14.41,74.46,26.58,31.22,49.41,7.42,181.64,Kharif,Karnataka,pigeonpeas
36.02,69.47,90.03,19.54,27.66,7.42,80.41,Rabi,West Bengal,chickpea
27.12,60.44,17.92,29.44,46.12,5.68,150.32,Kharif,Uttar Pradesh,pigeonpeas
13.01,16.63,31.02,28.3,89.87,4.88,198.03,Annual,West Bengal,coconut
28.85,61.05,16.63,20.94,17.77,5.78,73.37,Kharif,Karnataka,kidneybeans
87.14,56.71,47.51,30.46,85.65,5.57,227.32,Kharif,Punjab,rice
84.14,63.48,38.26,30.0,76.48,6.43,242.78,Kharif,Andhra Pradesh,rice
17.08,80.09,6.66,17.64,73.39,7.69,33.4,Rabi,West Bengal,lentil
72.0,73.95,45.72,22.68,80.88,6.37,126.05,Annual,Uttar Pradesh,banana
98.92,69.6,41.24,25.82,90.33,5.36,94.53,Annual,Punjab,banana
4.09,71.49,36.96,22.17,19.46,5.8,122.75,Kharif,Punjab,kidneybeans
83.17,43.9,23.97,27.64,64.59,6.34,78.52,Kharif,Karnataka,maize
20.04,21.87,4.94,22.33,100.0,6.2,127.08,Annual,Punjab,orange
18.4,44.49,30.44,28.01,49.05,6.52,41.69,Kharif,Tamil Nadu,mothbeans
39.75,51.39,9.1,27.77,59.5,6.74,65.11,Kharif,Tamil Nadu,blackgram
82.03,56.03,30.9,24.59,80.82,6.41,185.0,Kharif,Andhra Pradesh,jute
25.09,15.51,14.05,21.4,92.59,6.72,109.09,Annual,Karnataka,orange
17.56,56.72,24.82,15.96,27.07,5.68,92.01,Kharif,West Bengal,kidneybeans
46.61,58.33,19.52,32.49,56.18,8.0,49.91,Kharif,Karnataka,blackgram
48.23,66.77,61.91,34.42,97.03,6.8,139.16,Annual,West Bengal,papaya
50.47,67.24,14.64,28.5,60.78,7.76,66.97,Kharif,Maharashtra,blackgram
16.54,107.0,191.14,17.61,86.25,5.95,122.68,Rabi,Telangana,apple
64.03,57.7,35.77,29.72,92.5,6.06,190.01,Annual,West Bengal,papaya
55.16,72.72,42.33,30.51,96.54,6.75,139.94,Annual,Kerala,papaya
73.05,51.57,44.71,29.74,78.65,6.64,158.82,Kharif,Andhra Pradesh,jute
24.88,149.4,200.36,22.18,90.56,5.7,93.61,Rabi,Uttar Pradesh,apple
84.69,8.49,60.87,25.74,87.39,6.6,54.92,Zaid,Punjab,watermelon
83.45,35.13,29.45,23.7,66.78,6.48,212.14,Annual,Karnataka,coffee
18.21,22.79,17.58,28.27,82.95,7.58,32.56,Kharif,Maharashtra,mungbean
21.13,129.66,210.0,24.12,93.21,6.18,97.89,Rabi,Madhya Pradesh,apple
47.88,89.1,31.9,31.42,65.28,7.2,58.7,Kharif,Maharashtra,blackgram
32.81,67.4,0.0,25.64,54.54,5.68,171.45,Kharif,Tamil Nadu,pigeonpeas
2.93,15.01,43.72,26.24,92.27,6.96,80.82,Annual,Madhya Pradesh,pomegranate
4.41,40.53,21.3,29.25,51.58,6.62,62.67,Kharif,Maharashtra,mothbeans
28.88,39.98,14.82,31.84,64.58,7.37,44.57,Kharif,Tamil Nadu,mothbeans
91.57,44.71,24.29,24.55,82.11,6.72,190.86,Kharif,Maharashtra,jute
23.74,14.07,10.04,24.09,94.53,6.69,122.53,Annual,Tamil Nadu,orange
19.05,46.55,16.49,28.97,75.93,6.33,45.8,Kharif,Punjab,mungbean
19.73,123.12,196.37,22.14,91.9,6.36,55.47,Annual,Maharashtra,grapes
67.73,48.65,44.73,25.89,76.06,6.06,188.48,Kharif,West Bengal,jute
88.04,36.14,18.11,17.73,66.11,5.22,103.79,Kharif,Kerala,maize
19.4,63.87,2.28,17.34,20.06,5.72,133.32,Kharif,Madhya Pradesh,kidneybeans
15.98,13.53,52.06,29.44,98.41,5.2,171.22,Annual,Tamil Nadu,coconut
25.03,21.21,2.92,21.75,93.36,6.47,75.79,Annual,Telangana,orange
20.65,53.76,20.1,27.05,34.33,5.53,140.3,Kharif,Karnataka,pigeonpeas
102.77,29.66,22.06,20.02,82.51,6.75,70.49,Kharif,Maharashtra,cotton
27.76,116.02,186.09,24.55,76.18,6.07,92.02,Annual,Punjab,grapes
121.47,28.52,47.04,22.88,53.7,6.68,134.57,Annual,Maharashtra,coffee
19.14,8.07,38.8,21.01,85.76,6.56,124.16,Annual,Tamil Nadu,pomegranate
34.83,65.92,54.34,33.31,92.06,6.79,152.89,Annual,Telangana,papaya
103.67,40.23,14.58,23.12,77.42,7.33,85.42,Kharif,Kerala,cotton
45.69,72.0,30.15,31.67,75.4,7.04,57.06,Kharif,Karnataka,blackgram
25.39,56.9,9.91,18.81,71.46,6.09,34.19,Rabi,Uttar Pradesh,lentil
7.75,138.52,197.28,24.35,91.92,5.9,106.67,Rabi,Kerala,apple
21.95,52.03,22.05,25.64,86.23,6.46,32.93,Kharif,Tamil Nadu,mungbean
17.44,12.52,13.61,22.77,86.78,6.16,110.0,Annual,Tamil Nadu,orange
81.71,47.37,16.3,27.99,55.05,6.25,108.07,Kharif,Telangana,maize
7.82,62.23,7.05,25.34,11.43,5.28,84.19,Kharif,Andhra Pradesh,kidneybeans
8.03,81.23,39.38,16.57,13.08,4.68,100.12,Kharif,Telangana,kidneybeans
37.64,130.38,210.0,22.46,88.46,5.35,65.7,Annual,Uttar Pradesh,grapes
18.8,39.38,11.91,33.68,57.66,7.09,63.25,Kharif,Maharashtra,mothbeans
52.02,67.46,6.93,29.61,81.35,6.46,70.45,Kharif,Telangana,blackgram
56.57,56.79,71.8,26.15,18.27,7.02,71.9,Rabi,Uttar Pradesh,chickpea
145.88,57.0,29.92,20.4,75.97,6.54,106.46,Kharif,Punjab,cotton
48.34,42.77,29.47,38.79,93.85,6.71,199.88,Annual,Kerala,papaya
126.13,15.68,36.45,28.02,85.72,7.1,53.64,Zaid,Tamil Nadu,watermelon
31.26,82.12,12.53,28.45,70.0,6.69,93.88,Kharif,West Bengal,blackgram
55.29,43.91,40.77,28.72,92.94,6.73,128.68,Annual,Karnataka,papaya
11.67,59.67,27.5,29.31,53.23,5.25,133.76,Kharif,Maharashtra,pigeonpeas
15.66,25.96,26.8,29.84,93.02,5.89,171.53,Annual,Punjab,coconut
20.33,85.0,8.71,26.06,52.7,5.89,44.12,Rabi,Maharashtra,lentil
20.08,45.64,17.62,14.82,78.12,7.98,29.13,Rabi,Madhya Pradesh,lentil
109.07,42.41,21.23,22.0,79.47,6.58,55.89,Kharif,Uttar Pradesh,cotton
72.65,51.0,45.74,29.8,84.6,6.05,165.99,Kharif,Tamil Nadu,jute
73.11,71.06,45.27,39.55,87.62,6.11,134.47,Annual,West Bengal,papaya
71.38,57.41,39.95,31.64,96.29,5.91,151.37,Annual,Kerala,papaya
96.91,26.32,64.15,21.33,83.96,6.84,78.23,Zaid,Andhra Pradesh,watermelon
44.84,68.44,54.87,34.61,91.89,6.38,182.2,Annual,Tamil Nadu,papaya
69.12,33.72,26.2,23.85,76.92,5.86,109.98,Kharif,West Bengal,maize
27.12,9.97,7.54,27.12,93.16,5.67,197.79,Annual,Punjab,coconut
53.12,85.08,5.55,29.9,57.09,6.5,68.3,Kharif,Kerala,blackgram
83.62,9.45,56.02,23.68,77.73,7.04,33.51,Zaid,West Bengal,watermelon
79.24,39.16,31.91,26.42,77.46,6.09,178.06,Kharif,West Bengal,jute
67.66,53.68,37.94,36.96,85.83,6.06,140.79,Annual,Madhya Pradesh,papaya
19.93,7.0,36.76,29.87,97.87,6.19,116.4,Annual,West Bengal,coconut
9.5,22.29,43.26,33.52,42.24,5.54,109.98,Annual,Andhra Pradesh,mango
134.47,51.41,18.31,23.76,78.25,7.12,76.59,Kharif,Uttar Pradesh,cotton
34.65,43.19,22.21,35.16,68.67,7.44,63.8,Kharif,Kerala,blackgram
86.39,29.21,34.62,23.24,80.56,5.62,63.1,Zaid,Madhya Pradesh,watermelon
25.05,6.88,6.35,28.36,91.68,5.91,126.02,Annual,West Bengal,orange
94.61,40.08,18.37,18.12,67.02,4.89,101.21,Kharif,Uttar Pradesh,maize
35.3,63.0,89.0,21.57,14.64,6.49,77.28,Rabi,Tamil Nadu,chickpea
16.0,31.14,1.55,18.75,95.05,6.26,116.15,Annual,Maharashtra,orange
14.86,71.57,13.53,16.17,27.76,6.29,90.87,Kharif,Karnataka,kidneybeans
12.34,19.0,20.5,28.59,87.84,6.16,120.31,Annual,Punjab,orange
30.13,138.21,205.7,17.67,92.25,5.88,91.52,Rabi,West Bengal,apple
80.01,28.61,43.88,27.17,79.13,6.72,189.29,Kharif,Karnataka,jute
54.66,55.2,79.49,20.36,11.08,7.27,75.11,Rabi,Uttar Pradesh,chickpea
53.96,37.89,66.29,33.5,90.22,6.53,166.74,Annual,Maharashtra,papaya
21.37,58.1,15.21,27.17,37.63,6.21,42.23,Kharif,Uttar Pradesh,mothbeans
91.34,35.42,49.76,28.71,94.21,6.54,40.25,Zaid,Karnataka,muskmelon
69.96,67.54,45.86,35.94,85.65,7.25,177.38,Annual,Telangana,papaya
21.09,70.85,24.21,19.7,10.0,5.12,144.47,Kharif,Andhra Pradesh,kidneybeans
116.82,54.25,11.99,23.38,85.75,6.47,89.18,Kharif,Telangana,cotton
51.51,61.78,57.25,35.93,85.75,7.22,176.15,Annual,Uttar Pradesh,papaya
21.98,56.17,25.61,26.54,18.75,5.84,96.08,Kharif,Maharashtra,kidneybeans
112.3,23.78,31.65,28.14,81.95,6.59,35.92,Zaid,Tamil Nadu,watermelon
56.19,40.25,18.24,25.37,62.9,5.37,53.44,Kharif,Punjab,maize
25.59,14.1,62.49,22.25,85.96,6.22,88.96,Annual,Uttar Pradesh,pomegranate
15.6,10.37,29.94,27.93,89.75,5.72,180.32,Annual,West Bengal,coconut
12.8,61.01,37.23,27.38,36.12,5.89,109.45,Kharif,Punjab,pigeonpeas
115.62,22.62,21.63,19.49,59.05,6.17,26.87,Kharif,Uttar Pradesh,maize
57.27,59.45,79.69,18.39,11.33,7.18,124.16,Rabi,West Bengal,chickpea
80.01,24.01,36.8,26.39,77.11,6.27,173.3,Kharif,Kerala,jute
17.43,48.32,19.83,26.01,54.29,6.93,44.37,Kharif,Maharashtra,mothbeans
75.36,38.27,27.72,23.87,67.25,6.0,76.45,Kharif,West Bengal,maize
93.09,20.68,56.62,30.39,91.99,6.55,23.32,Zaid,Karnataka,muskmelon
124.36,77.58,42.1,25.75,73.74,5.71,99.17,Annual,West Bengal,banana
99.64,19.17,67.52,27.53,88.22,6.63,15.0,Zaid,Karnataka,muskmelon
25.24,85.79,18.4,17.79,65.57,6.59,36.39,Rabi,Uttar Pradesh,lentil
22.75,20.91,18.97,16.95,98.06,7.14,121.36,Annual,Andhra Pradesh,orange
45.23,75.67,97.08,23.98,11.39,6.85,73.48,Rabi,Tamil Nadu,chickpea
23.72,12.18,17.48,23.33,86.85,6.36,106.56,Annual,Uttar Pradesh,orange
22.98,96.66,185.74,21.98,90.55,5.38,102.01,Rabi,Andhra Pradesh,apple
16.17,4.03,40.61,23.98,88.66,5.46,131.54,Annual,Karnataka,coconut
77.06,60.92,20.28,25.89,84.37,6.66,191.2,Kharif,Tamil Nadu,jute
18.05,36.56,24.98,25.59,43.15,7.39,55.32,Kharif,Madhya Pradesh,mothbeans
55.6,59.6,49.65,29.93,95.36,6.69,181.24,Annual,Andhra Pradesh,papaya
119.92,51.16,30.47,29.51,52.4,7.3,134.81,Annual,Tamil Nadu,coffee
15.74,35.8,27.82,23.88,50.47,6.85,42.45,Kharif,Telangana,mothbeans
85.2,40.3,33.61,24.17,89.47,5.85,268.73,Kharif,Uttar Pradesh,rice
42.5,50.98,25.52,29.0,61.14,6.95,59.65,Kharif,Karnataka,blackgram
22.44,9.4,39.37,30.09,91.21,5.97,113.16,Annual,Kerala,pomegranate
44.23,73.95,21.6,28.57,53.44,7.4,70.63,Kharif,Kerala,blackgram
41.32,49.48,70.24,20.94,24.29,8.11,90.59,Rabi,West Bengal,chickpea
17.2,61.08,9.17,29.66,66.22,7.45,90.95,Kharif,Karnataka,blackgram
0.0,49.41,26.48,25.27,82.65,7.16,23.75,Kharif,Tamil Nadu,mungbean
132.0,1.76,34.15,30.26,87.37,6.64,56.47,Zaid,Madhya Pradesh,watermelon
17.96,60.73,25.98,27.2,84.17,6.86,37.52,Kharif,Punjab,mungbean
59.4,43.28,21.43,21.53,62.82,5.79,58.21,Kharif,Andhra Pradesh,maize
72.59,17.4,28.8,33.36,65.09,6.95,124.38,Annual,Uttar Pradesh,coffee
57.96,91.86,33.06,32.83,64.32,7.68,68.56,Kharif,Uttar Pradesh,blackgram
8.24,47.24,32.91,28.61,39.17,6.91,49.2,Kharif,Telangana,mothbeans
22.51,150.0,210.0,27.33,81.66,5.6,86.91,Annual,Uttar Pradesh,grapes
41.35,50.77,60.62,30.01,95.53,6.74,103.79,Annual,Maharashtra,papaya
81.61,42.15,26.18,26.22,63.35,5.7,86.69,Kharif,Madhya Pradesh,maize
86.89,33.63,56.78,25.97,77.18,6.26,199.68,Kharif,Tamil Nadu,jute
72.06,40.73,20.3,23.64,62.75,5.99,48.95,Kharif,Madhya Pradesh,maize
20.87,20.89,27.76,26.8,92.62,6.32,138.92,Annual,Kerala,coconut
9.3,140.24,210.0,22.8,83.36,6.01,108.11,Rabi,Karnataka,apple
12.64,74.9,19.09,16.17,68.08,6.87,35.56,Rabi,Madhya Pradesh,lentil
66.55,51.86,36.49,21.93,81.52,6.65,138.77,Kharif,West Bengal,rice
18.54,36.47,22.96,27.91,49.51,5.13,60.54,Annual,Maharashtra,mango
103.95,29.14,40.26,27.53,46.76,6.37,149.26,Annual,Tamil Nadu,coffee
18.76,143.07,210.0,21.81,93.1,5.91,116.05,Rabi,Andhra Pradesh,apple
88.12,28.28,9.5,28.59,42.99,6.75,146.9,Annual,Tamil Nadu,coffee
13.72,22.63,22.91,34.98,49.93,5.44,97.14,Annual,Andhra Pradesh,mango
40.88,45.04,28.07,28.74,71.32,7.45,58.4,Kharif,Uttar Pradesh,blackgram
99.2,45.43,49.88,25.44,87.73,7.0,176.15,Kharif,Madhya Pradesh,jute
77.82,39.75,26.33,25.62,77.87,6.49,172.78,Kharif,Karnataka,jute
18.2,33.7,38.16,32.79,49.87,5.11,93.46,Annual,Telangana,mango
67.68,46.09,47.16,25.03,77.92,6.59,204.8,Kharif,Telangana,jute
73.6,48.97,40.6,21.09,81.74,6.17,300.0,Kharif,Maharashtra,rice
26.11,18.82,17.21,27.19,90.07,6.99,104.79,Annual,Maharashtra,orange
25.08,69.21,20.8,17.79,60.4,6.72,51.95,Rabi,Punjab,lentil
19.19,48.02,17.55,33.02,81.4,7.4,34.38,Kharif,Uttar Pradesh,mungbean
18.56,10.84,28.56,24.11,87.78,5.19,140.31,Annual,Kerala,pomegranate
40.77,67.33,29.12,29.25,75.22,7.04,64.75,Kharif,Uttar Pradesh,blackgram
76.61,38.5,59.51,24.7,74.67,7.68,184.84,Kharif,Karnataka,jute
56.44,54.48,75.95,20.43,10.45,7.47,107.24,Rabi,Kerala,chickpea
60.48,69.88,43.71,34.14,90.82,5.9,156.0,Annual,Tamil Nadu,papaya
10.3,63.51,21.57,30.46,44.56,5.02,168.64,Kharif,Punjab,pigeonpeas
93.1,34.65,7.42,18.47,58.74,5.48,95.26,Kharif,Telangana,maize
42.11,73.51,26.14,33.19,70.82,6.44,100.15,Kharif,Tamil Nadu,blackgram
13.98,56.18,27.96,29.73,86.98,5.95,58.86,Kharif,Telangana,mungbean
18.54,39.13,20.91,24.21,87.7,6.23,63.77,Kharif,Andhra Pradesh,mungbean
26.72,9.76,10.54,22.18,93.74,5.98,122.72,Annual,Uttar Pradesh,orange
13.53,139.41,210.0,27.96,84.33,5.95,93.28,Annual,West Bengal,grapes
34.27,120.26,197.97,23.8,86.46,6.04,72.0,Annual,Madhya Pradesh,grapes
103.67,21.11,41.84,24.48,81.15,6.42,48.22,Zaid,Andhra Pradesh,watermelon
5.06,52.6,24.26,33.91,77.09,7.5,41.61,Kharif,Tamil Nadu,mungbean
12.26,9.84,36.73,21.18,82.93,6.65,130.75,Annual,Punjab,pomegranate
104.96,86.75,28.63,26.05,78.88,6.39,92.34,Annual,Maharashtra,banana
14.68,23.52,25.44,19.61,85.17,6.1,130.01,Annual,West Bengal,pomegranate
24.15,64.61,24.18,33.89,89.51,5.8,89.17,Kharif,Maharashtra,mungbean
18.23,73.68,7.5,17.28,76.48,6.38,33.76,Rabi,Karnataka,lentil
23.51,56.36,2.69,27.74,87.05,6.81,64.42,Kharif,Punjab,mungbean
95.27,80.92,33.69,31.54,77.03,5.81,90.19,Annual,Maharashtra,banana
33.17,31.42,11.3,32.98,44.02,6.05,81.2,Annual,Maharashtra,mango
48.88,55.98,39.91,32.07,93.35,7.27,168.69,Annual,Punjab,papaya
9.53,72.33,2.9,17.33,27.83,5.81,95.02,Kharif,Madhya Pradesh,kidneybeans
19.79,52.62,15.21,29.7,74.77,6.92,15.0,Kharif,Karnataka,mungbean
19.74,81.28,22.49,15.83,77.98,6.75,38.17,Rabi,Andhra Pradesh,lentil
33.92,50.79,34.71,18.44,53.75,6.52,20.24,Rabi,Punjab,lentil
78.56,37.11,44.37,28.17,76.11,6.78,196.4,Kharif,Tamil Nadu,jute
25.79,84.48,23.4,13.49,60.77,7.25,35.59,Rabi,Tamil Nadu,lentil
109.57,25.67,43.82,26.64,56.36,7.35,129.61,Annual,Madhya Pradesh,coffee
57.84,63.4,80.07,29.03,90.35,6.57,167.34,Annual,West Bengal,papaya
3.07,131.34,210.0,17.75,85.6,5.99,139.75,Rabi,Maharashtra,apple
78.21,23.79,1.25,27.77,55.12,5.87,50.34,Kharif,Uttar Pradesh,maize
99.98,44.02,35.77,24.76,73.56,5.62,177.09,Kharif,Andhra Pradesh,rice
125.36,26.17,21.98,23.28,70.57,6.36,136.22,Annual,West Bengal,coffee
28.06,41.06,11.97,23.89,92.37,6.31,72.2,Kharif,Karnataka,mungbean
33.02,64.38,86.56,22.22,21.06,6.98,81.81,Rabi,West Bengal,chickpea
24.42,42.59,15.46,24.87,47.07,6.81,38.21,Kharif,Telangana,mothbeans
34.11,150.0,198.12,25.55,84.87,5.54,53.1,Annual,Telangana,grapes
27.26,14.82,4.43,23.01,93.91,6.89,96.42,Annual,Karnataka,orange
101.32,44.59,31.06,26.06,80.91,7.69,107.92,Kharif,Madhya Pradesh,cotton
25.96,130.84,198.15,28.26,82.51,6.02,72.22,Annual,Tamil Nadu,grapes
22.55,136.32,185.56,18.3,74.11,6.53,55.26,Annual,Uttar Pradesh,grapes
33.71,76.85,22.7,22.98,55.19,5.72,166.82,Kharif,Andhra Pradesh,pigeonpeas
120.3,18.52,32.28,24.02,78.02,6.6,88.79,Kharif,Andhra Pradesh,cotton
104.87,30.55,24.43,22.04,68.26,7.04,172.17,Annual,Maharashtra,coffee
30.72,24.44,38.44,35.28,41.3,5.62,52.17,Annual,Andhra Pradesh,mango
18.68,70.07,14.05,20.84,49.97,7.29,44.65,Rabi,Andhra Pradesh,lentil
83.29,81.91,51.66,27.55,75.48,6.26,102.77,Annual,Maharashtra,banana
111.42,11.7,52.46,28.01,86.66,6.29,45.81,Zaid,Telangana,watermelon
15.79,62.05,29.19,15.8,20.62,5.89,136.21,Kharif,Madhya Pradesh,kidneybeans
14.62,82.64,15.31,30.03,41.5,5.57,142.63,Kharif,Punjab,pigeonpeas
14.0,86.43,27.09,15.96,24.08,5.93,94.67,Kharif,Tamil Nadu,kidneybeans
14.21,14.11,45.12,28.09,93.51,5.49,157.17,Annual,Telangana,coconut
79.3,20.96,34.18,21.92,53.66,6.83,162.07,Annual,Telangana,coffee
61.21,58.75,30.26,24.76,77.72,6.87,177.35,Kharif,Tamil Nadu,jute
16.18,50.91,23.31,26.17,80.96,6.52,42.62,Kharif,Maharashtra,mungbean
96.43,41.97,28.03,23.37,78.57,6.77,82.34,Kharif,Andhra Pradesh,cotton
22.37,59.14,31.25,18.97,28.41,5.42,106.12,Kharif,Punjab,kidneybeans
28.11,139.2,199.39,21.69,91.2,6.16,114.79,Rabi,West Bengal,apple
26.13,56.32,24.67,29.96,58.21,7.23,22.72,Kharif,Punjab,mothbeans
7.41,54.61,30.25,18.22,23.71,5.67,91.81,Kharif,Punjab,kidneybeans
106.44,26.91,31.94,26.72,58.8,6.17,109.54,Annual,West Bengal,coffee
110.64,41.81,21.35,24.01,82.53,6.85,68.4,Kharif,Telangana,cotton
23.36,57.23,25.51,16.73,57.1,6.98,80.37,Rabi,Kerala,lentil
25.35,17.36,0.31,26.05,91.15,6.19,103.79,Annual,Maharashtra,orange
83.37,64.67,53.26,24.79,86.0,5.63,82.48,Annual,Tamil Nadu,banana
57.13,73.96,60.93,35.44,95.36,6.98,160.36,Annual,West Bengal,papaya
38.3,26.12,18.29,28.05,59.18,5.5,67.72,Annual,Andhra Pradesh,mango
61.79,41.82,31.33,25.36,79.14,6.13,300.0,Kharif,Kerala,rice
113.25,40.89,29.78,27.83,72.52,6.92,81.25,Kharif,Tamil Nadu,cotton
42.55,46.98,48.71,35.32,97.56,6.71,175.33,Annual,Punjab,papaya
57.62,40.53,19.05,28.68,61.57,5.75,72.33,Kharif,Uttar Pradesh,maize
18.87,46.7,27.14,23.59,60.36,6.79,34.12,Kharif,Uttar Pradesh,mothbeans
98.57,41.14,20.31,27.16,66.04,6.92,152.06,Annual,Maharashtra,coffee
44.54,79.79,77.34,23.98,12.86,6.56,77.82,Rabi,Uttar Pradesh,chickpea
116.96,50.16,36.28,22.32,82.06,6.08,189.4,Kharif,West Bengal,rice
120.39,36.09,15.5,19.53,72.35,7.03,90.78,Kharif,Tamil Nadu,cotton
17.57,62.43,12.18,21.05,16.4,5.97,103.57,Kharif,Andhra Pradesh,kidneybeans
63.1,25.23,55.58,25.63,89.32,6.84,52.92,Zaid,Karnataka,watermelon
25.89,150.0,199.1,26.05,82.5,5.75,67.84,Annual,Punjab,grapes
62.57,33.23,13.59,18.9,63.76,5.49,30.49,Kharif,Andhra Pradesh,maize
56.72,31.6,36.36,22.07,78.62,6.99,160.48,Kharif,Punjab,jute
118.33,51.18,6.74,23.06,84.34,6.85,73.89,Kharif,Uttar Pradesh,cotton
125.32,29.83,25.03,27.91,80.87,7.89,53.58,Kharif,West Bengal,cotton
57.94,43.93,66.62,31.77,98.8,6.17,152.93,Annual,Tamil Nadu,papaya
20.65,70.97,20.77,18.46,56.34,7.11,52.06,Rabi,Karnataka,lentil
70.16,53.78,49.88,25.83,87.24,6.83,125.6,Kharif,Kerala,jute
84.88,29.05,26.59,26.12,50.86,6.73,131.16,Annual,Telangana,coffee
60.98,51.49,64.96,25.32,99.72,6.16,157.38,Annual,Tamil Nadu,papaya
17.35,14.25,44.19,16.64,88.0,6.35,126.4,Annual,Karnataka,pomegranate
7.76,109.88,191.17,28.54,77.11,5.67,70.54,Annual,Telangana,grapes
17.66,14.23,16.36,19.26,83.06,6.06,114.84,Annual,Andhra Pradesh,orange
127.46,50.21,10.61,21.8,86.72,7.14,97.8,Kharif,Punjab,cotton
102.89,8.61,41.94,31.55,85.79,6.58,21.29,Zaid,Tamil Nadu,muskmelon
16.76,48.73,49.16,29.95,77.2,6.41,144.91,Annual,Maharashtra,papaya
11.15,65.79,20.92,20.83,21.82,6.41,105.16,Kharif,Punjab,kidneybeans
26.18,66.22,8.7,14.05,12.71,6.05,146.28,Kharif,Tamil Nadu,kidneybeans
77.38,53.79,50.48,23.36,83.01,6.31,121.24,Kharif,West Bengal,jute
8.79,55.13,20.92,28.57,92.21,6.48,39.11,Kharif,Uttar Pradesh,mungbean
19.89,50.11,17.74,29.58,86.12,6.43,20.96,Kharif,Kerala,mungbean
118.55,16.62,63.57,28.46,90.26,6.02,50.26,Zaid,Maharashtra,watermelon
13.05,32.45,27.94,29.55,43.64,5.58,132.41,Annual,Tamil Nadu,mango
53.68,67.92,70.14,26.3,16.63,7.36,68.21,Rabi,Kerala,chickpea
92.62,42.95,44.05,24.17,82.89,7.14,168.43,Kharif,Kerala,jute
16.5,79.48,19.51,24.16,60.75,7.6,53.9,Rabi,Punjab,lentil
37.09,66.79,47.05,38.88,90.98,6.87,139.67,Annual,Punjab,papaya
25.65,44.95,19.67,26.99,88.11,6.34,47.13,Kharif,Andhra Pradesh,mungbean
108.72,19.34,34.38,22.58,55.75,6.58,192.97,Annual,Maharashtra,coffee
37.61,75.48,15.88,29.71,64.9,6.82,62.11,Kharif,Andhra Pradesh,blackgram
45.62,68.58,49.59,32.98,92.24,5.78,107.12,Annual,Punjab,papaya
110.09,17.25,47.82,28.58,76.31,6.23,68.49,Zaid,West Bengal,watermelon
20.64,39.5,24.87,23.38,41.37,6.11,157.64,Kharif,Madhya Pradesh,pigeonpeas
96.42,43.11,43.29,26.09,88.6,6.06,170.93,Kharif,Telangana,rice
25.12,14.01,37.11,27.19,97.99,5.96,208.1,Annual,Andhra Pradesh,coconut
146.75,38.66,24.97,23.75,82.27,7.52,73.77,Kharif,Maharashtra,cotton
18.14,66.09,30.38,28.7,74.76,6.62,54.45,Rabi,Karnataka,lentil
88.35,20.25,26.72,30.22,53.38,6.97,181.78,Annual,Maharashtra,coffee
20.46,24.85,29.13,30.36,44.72,4.19,118.24,Annual,Karnataka,mango
40.07,56.48,43.35,34.12,97.14,6.08,111.31,Annual,Madhya Pradesh,papaya
18.92,6.46,23.31,26.12,93.42,6.06,105.5,Annual,West Bengal,orange
23.64,26.68,18.25,23.49,99.36,5.53,167.23,Annual,Karnataka,coconut
72.15,97.26,47.07,24.8,74.36,6.21,72.54,Annual,Telangana,banana
27.78,60.95,26.62,27.75,34.85,5.09,183.68,Kharif,Uttar Pradesh,pigeonpeas
88.1,48.45,34.94,24.72,78.87,6.93,177.67,Kharif,Karnataka,jute
40.52,43.78,16.52,31.05,55.4,7.52,52.47,Kharif,Karnataka,mothbeans
19.21,67.94,28.51,16.04,17.23,5.89,113.31,Kharif,Maharashtra,kidneybeans
126.58,44.42,20.47,22.53,72.25,7.07,86.93,Kharif,Uttar Pradesh,cotton
110.94,85.69,65.71,25.43,80.94,5.86,106.46,Annual,West Bengal,banana
80.51,41.07,50.23,25.82,84.14,6.4,140.42,Kharif,Telangana,jute
102.66,12.77,50.67,29.69,93.86,6.36,27.17,Zaid,Punjab,muskmelon
16.82,53.28,28.81,32.01,67.99,7.54,73.23,Kharif,West Bengal,blackgram
35.5,64.92,25.7,27.77,69.15,6.69,81.39,Kharif,Uttar Pradesh,blackgram
22.22,132.97,201.02,22.73,92.23,6.22,111.41,Rabi,Tamil Nadu,apple
63.05,65.82,57.26,35.28,89.78,7.38,142.22,Annual,Kerala,papaya
25.81,123.47,186.28,26.45,87.85,5.56,73.66,Annual,Karnataka,grapes
18.15,25.36,23.52,31.5,45.78,5.48,107.0,Annual,Telangana,mango
53.72,63.73,62.09,37.5,92.8,6.95,154.28,Annual,Andhra Pradesh,papaya
27.24,86.15,6.65,16.28,71.59,5.57,52.38,Rabi,Andhra Pradesh,lentil
84.41,51.41,28.17,25.54,84.27,6.6,199.44,Kharif,Maharashtra,jute
8.54,54.29,9.77,22.92,69.24,6.47,36.53,Rabi,Kerala,lentil
101.15,37.07,21.27,24.52,55.74,6.11,176.47,Annual,Kerala,coffee
82.96,18.55,42.99,23.28,85.86,6.82,37.72,Zaid,Uttar Pradesh,watermelon
26.36,133.92,207.59,22.13,83.37,5.82,131.99,Rabi,West Bengal,apple
42.35,67.26,24.82,30.81,44.15,6.98,77.77,Kharif,Karnataka,blackgram
76.91,64.94,46.14,27.12,79.01,5.24,133.79,Annual,Telangana,banana
35.94,65.1,9.65,29.37,72.42,6.7,60.89,Kharif,West Bengal,blackgram
60.57,57.06,28.96,25.19,52.23,6.21,56.96,Kharif,Uttar Pradesh,maize
40.28,62.62,15.4,33.75,55.75,7.45,102.8,Kharif,Madhya Pradesh,blackgram
102.9,18.27,48.69,24.78,80.73,6.61,52.93,Zaid,Maharashtra,watermelon
98.96,8.68,46.26,30.21,94.02,6.21,15.0,Zaid,Kerala,muskmelon
92.51,46.71,31.01,26.85,76.1,6.08,187.46,Kharif,Andhra Pradesh,jute
99.87,39.56,30.32,25.64,69.26,5.65,98.1,Kharif,Tamil Nadu,maize
20.88,47.78,25.55,18.25,79.81,7.44,29.09,Rabi,Karnataka,lentil
49.88,42.67,11.49,24.8,50.51,6.37,110.61,Kharif,Madhya Pradesh,maize
133.29,55.24,19.09,27.28,81.71,7.33,59.43,Kharif,Punjab,cotton
21.6,138.82,184.49,25.71,82.28,5.28,96.91,Annual,West Bengal,grapes
1.16,64.23,18.24,29.37,92.29,6.85,71.67,Kharif,Uttar Pradesh,mungbean
8.72,25.65,15.55,19.24,90.09,6.01,95.96,Annual,Tamil Nadu,pomegranate
21.9,23.69,14.27,25.7,100.0,6.68,100.77,Annual,Tamil Nadu,orange
33.72,12.9,30.41,17.95,93.98,6.96,94.26,Annual,West Bengal,pomegranate
25.1,55.74,18.58,17.84,64.17,6.4,17.22,Rabi,Kerala,lentil
63.48,55.06,24.25,32.02,91.12,5.88,146.13,Annual,Kerala,papaya
88.32,45.4,46.21,22.3,86.19,7.06,172.97,Kharif,Punjab,jute
35.42,150.0,210.0,19.34,88.97,4.95,124.67,Rabi,Karnataka,apple
76.84,71.14,55.25,36.87,89.5,6.54,143.39,Annual,Tamil Nadu,papaya
10.67,2.89,26.47,28.88,92.27,6.49,174.82,Annual,Maharashtra,coconut
29.76,59.26,19.61,34.66,45.23,6.42,151.17,Kharif,Punjab,pigeonpeas
84.98,58.0,45.83,30.2,87.89,6.38,299.76,Kharif,Punjab,rice
21.9,133.84,192.05,24.82,89.99,6.02,115.91,Rabi,Karnataka,apple
23.8,131.92,182.1,20.68,89.51,5.79,125.82,Rabi,Madhya Pradesh,apple
17.72,77.95,20.52,23.4,52.39,6.05,56.55,Rabi,West Bengal,lentil
93.99,44.84,17.91,15.57,69.15,6.71,101.11,Kharif,West Bengal,maize
41.43,72.28,13.01,28.78,62.87,6.84,63.4,Kharif,Madhya Pradesh,blackgram
16.4,130.32,210.0,22.71,82.36,6.44,61.66,Annual,Andhra Pradesh,grapes
45.07,81.55,33.05,31.13,53.94,7.2,102.1,Kharif,Uttar Pradesh,blackgram
53.35,33.46,21.72,19.9,70.26,5.5,77.84,Kharif,Kerala,maize
18.65,26.42,51.0,24.61,87.91,6.13,201.76,Annual,Maharashtra,coconut
16.12,57.27,32.41,31.77,44.47,6.55,77.21,Kharif,Telangana,mothbeans
43.92,87.07,61.25,31.06,81.67,6.98,145.78,Annual,West Bengal,papaya
27.71,46.49,22.95,22.25,69.77,6.69,30.85,Rabi,Punjab,lentil
18.79,13.12,18.03,21.54,87.1,6.07,129.3,Annual,Uttar Pradesh,orange
45.7,69.88,23.23,28.36,62.01,7.01,80.87,Kharif,Kerala,blackgram
39.54,59.15,76.26,28.08,10.0,7.55,41.42,Rabi,Andhra Pradesh,chickpea
24.04,77.37,10.96,15.14,72.64,6.21,53.21,Rabi,Kerala,lentil
14.27,68.47,17.34,33.76,61.42,6.12,161.35,Kharif,Tamil Nadu,pigeonpeas
120.89,21.13,60.26,31.33,87.92,6.58,34.95,Zaid,Uttar Pradesh,muskmelon
16.99,94.91,16.58,16.29,10.35,6.5,124.36,Kharif,Maharashtra,kidneybeans
49.37,67.14,62.14,38.39,92.17,6.59,179.88,Annual,Telangana,papaya
15.31,126.59,200.25,16.08,97.98,6.76,115.41,Rabi,West Bengal,apple
12.99,7.04,33.9,27.56,92.53,6.54,85.47,Annual,Andhra Pradesh,pomegranate
29.59,57.06,11.7,29.45,46.92,5.98,45.69,Kharif,Madhya Pradesh,mothbeans
28.59,16.43,26.54,27.97,95.8,6.26,132.19,Annual,Telangana,coconut
128.5,20.29,19.71,21.98,56.95,6.01,119.17,Annual,West Bengal,coffee
38.71,61.12,66.02,34.16,90.56,6.92,109.84,Annual,Andhra Pradesh,papaya
24.98,14.61,27.7,21.84,95.73,6.08,90.44,Annual,Andhra Pradesh,pomegranate
106.84,6.11,43.76,29.29,91.51,6.67,21.06,Zaid,Telangana,watermelon
27.57,83.04,29.03,28.91,55.2,6.81,42.68,Kharif,Uttar Pradesh,blackgram
94.74,20.87,26.09,23.59,53.13,6.91,210.66,Annual,Maharashtra,coffee
15.88,134.3,184.06,24.27,95.94,6.37,104.36,Rabi,West Bengal,apple
8.61,83.46,21.2,17.49,61.73,6.88,48.13,Rabi,Kerala,lentil
25.45,10.17,31.71,24.25,91.04,5.91,181.56,Annual,Telangana,coconut
9.73,46.99,18.44,24.63,59.07,5.95,157.96,Kharif,Kerala,pigeonpeas
42.87,42.03,92.46,17.82,25.47,7.26,79.09,Rabi,West Bengal,chickpea
104.36,29.33,39.71,31.07,91.76,5.69,16.05,Zaid,Telangana,muskmelon
25.56,21.72,0.0,21.77,87.69,6.07,139.49,Annual,West Bengal,orange
25.38,42.47,11.7,31.44,85.32,7.95,44.52,Kharif,Punjab,mungbean
19.44,7.26,38.38,26.75,95.43,6.02,177.33,Annual,Telangana,coconut
9.37,14.59,62.11,23.8,89.49,8.0,86.7,Annual,Andhra Pradesh,pomegranate
21.07,40.84,18.97,24.98,96.73,7.23,54.1,Kharif,Tamil Nadu,mungbean
84.74,3.89,37.72,19.96,85.38,6.65,35.52,Zaid,West Bengal,watermelon
17.67,91.9,2.07,25.45,47.96,5.41,176.99,Kharif,Maharashtra,pigeonpeas
36.59,63.39,54.35,34.01,92.74,6.45,107.87,Annual,Karnataka,papaya
21.14,60.23,80.67,18.87,15.52,7.54,53.42,Rabi,Maharashtra,chickpea
24.73,51.73,19.66,27.27,56.46,6.72,161.66,Kharif,Uttar Pradesh,pigeonpeas
25.06,19.83,10.9,21.09,83.85,6.22,94.77,Annual,Tamil Nadu,orange
16.76,5.8,10.92,25.14,92.68,6.35,136.57,Annual,Uttar Pradesh,orange
80.12,91.32,65.32,26.92,78.47,6.07,104.51,Annual,Maharashtra,banana
15.16,30.74,25.97,20.46,87.2,5.91,95.26,Annual,Telangana,pomegranate
108.75,38.16,23.94,23.34,83.76,7.34,73.74,Kharif,Andhra Pradesh,cotton
81.31,38.27,31.57,22.91,49.56,6.55,115.95,Annual,Tamil Nadu,coffee
117.22,34.16,36.76,28.18,61.8,5.94,191.06,Annual,Karnataka,coffee
30.31,53.52,97.36,19.37,26.84,7.04,80.82,Rabi,Andhra Pradesh,chickpea
16.33,75.18,32.37,27.96,45.07,6.18,176.06,Kharif,Andhra Pradesh,pigeonpeas
31.71,58.1,26.42,32.89,73.82,7.02,33.59,Kharif,Karnataka,blackgram
24.52,130.19,210.0,22.19,87.2,6.15,69.75,Annual,Telangana,grapes
111.19,20.33,59.18,23.46,81.05,6.65,45.61,Zaid,Andhra Pradesh,watermelon
76.68,41.42,48.04,30.16,75.09,6.36,188.38,Kharif,Uttar Pradesh,rice
8.42,31.29,34.59,23.9,91.11,6.55,102.65,Annual,Tamil Nadu,pomegranate
66.44,57.55,18.73,24.06,77.54,6.57,181.53,Kharif,West Bengal,jute
25.29,7.81,14.99,27.58,91.89,7.0,91.65,Annual,Andhra Pradesh,orange
17.8,7.48,18.68,27.69,93.84,5.73,191.62,Annual,Uttar Pradesh,coconut
128.47,19.97,57.0,24.89,81.13,6.02,69.0,Zaid,Uttar Pradesh,watermelon
25.29,120.94,210.0,24.05,76.4,5.82,98.93,Annual,Uttar Pradesh,grapes
18.84,124.84,195.6,19.65,86.72,6.21,107.59,Rabi,Andhra Pradesh,apple
9.27,72.64,4.97,20.04,53.25,6.71,58.42,Rabi,Uttar Pradesh,lentil
19.61,22.43,41.16,22.08,84.68,6.68,95.28,Annual,Maharashtra,pomegranate
7.27,31.07,49.66,20.54,85.23,6.93,114.53,Annual,Maharashtra,pomegranate
11.97,80.33,13.25,18.85,11.16,4.78,111.37,Kharif,Kerala,kidneybeans
20.82,82.54,14.08,26.83,54.2,6.0,127.01,Kharif,Andhra Pradesh,pigeonpeas
122.05,7.48,65.02,30.65,83.17,5.83,29.25,Zaid,Uttar Pradesh,watermelon
47.77,43.86,90.36,20.71,20.76,7.49,55.26,Rabi,Karnataka,chickpea
27.09,70.02,24.37,28.62,55.29,7.98,53.95,Kharif,Maharashtra,blackgram
19.65,75.42,27.22,29.52,40.62,5.81,140.36,Kharif,Kerala,pigeonpeas
81.92,56.48,16.06,22.64,73.57,5.87,239.91,Kharif,Maharashtra,rice
35.4,9.12,47.2,12.37,92.67,5.46,94.5,Annual,Punjab,pomegranate
23.68,68.62,30.75,16.53,48.61,7.31,36.94,Rabi,Tamil Nadu,lentil
38.72,58.41,34.07,27.27,63.57,7.46,51.43,Kharif,Telangana,blackgram
23.02,51.31,23.8,26.43,92.45,6.47,56.31,Kharif,Andhra Pradesh,mungbean
15.09,75.57,19.85,26.83,39.65,5.77,127.05,Kharif,Punjab,pigeonpeas
136.08,30.22,66.79,22.61,95.96,6.47,46.59,Zaid,Maharashtra,watermelon
18.31,68.42,16.96,22.26,10.0,5.85,144.89,Kharif,Madhya Pradesh,kidneybeans
14.44,15.68,13.44,24.51,91.69,6.17,141.68,Annual,Madhya Pradesh,orange
115.04,24.81,16.45,24.7,81.16,8.13,85.62,Kharif,Karnataka,cotton
93.31,44.33,47.24,24.15,74.58,7.74,139.84,Kharif,Maharashtra,jute
21.19,54.89,21.55,29.13,81.84,6.38,68.37,Kharif,West Bengal,mungbean
74.26,30.69,47.5,26.38,70.8,6.9,218.91,Kharif,Maharashtra,jute
30.26,19.99,52.54,18.46,90.65,6.54,132.65,Annual,Madhya Pradesh,pomegranate
86.64,43.96,48.03,19.11,79.71,6.66,171.52,Kharif,Tamil Nadu,jute
104.26,13.04,17.57,23.83,69.0,7.01,158.25,Annual,Andhra Pradesh,coffee
32.79,136.9,197.65,25.43,80.87,6.22,72.81,Annual,Uttar Pradesh,grapes
34.17,72.44,85.31,19.76,14.35,7.38,86.01,Rabi,Maharashtra,chickpea
27.86,33.5,13.35,18.48,20.41,6.0,110.35,Kharif,Uttar Pradesh,kidneybeans
40.63,63.04,17.63,27.72,66.86,7.31,72.98,Kharif,Punjab,blackgram
18.92,73.96,13.98,17.51,15.8,6.42,111.23,Kharif,Tamil Nadu,kidneybeans
69.2,28.31,29.01,24.2,54.96,6.5,130.56,Annual,Telangana,coffee
18.21,45.85,24.76,29.67,53.08,5.36,152.6,Kharif,West Bengal,pigeonpeas
89.71,45.81,37.11,25.03,85.58,6.15,216.41,Kharif,Andhra Pradesh,jute
41.16,47.42,71.18,30.56,94.57,6.91,174.37,Annual,Andhra Pradesh,papaya
144.45,38.55,7.73,26.57,69.25,7.65,82.04,Kharif,Tamil Nadu,cotton
102.01,75.0,43.69,23.69,76.9,5.9,110.88,Annual,Andhra Pradesh,banana
93.33,19.35,55.55,30.9,88.79,7.14,37.72,Zaid,Karnataka,watermelon
26.95,60.7,22.3,27.62,20.54,5.35,148.47,Kharif,Telangana,pigeonpeas
107.26,80.83,40.16,28.13,79.81,6.64,124.71,Annual,Karnataka,banana
46.9,71.11,6.63,22.8,73.3,7.01,50.72,Kharif,Telangana,blackgram
19.69,72.74,13.88,16.26,18.22,4.87,122.24,Kharif,West Bengal,kidneybeans
79.16,41.29,53.84,26.93,73.64,7.24,198.48,Kharif,Punjab,jute
23.16,7.52,32.39,26.49,91.2,5.26,190.62,Annual,Uttar Pradesh,coconut
4.43,150.0,191.22,24.9,85.59,5.48,125.57,Rabi,Kerala,apple
119.66,35.6,19.85,18.73,82.88,6.35,103.55,Kharif,Uttar Pradesh,cotton
76.4,13.58,56.41,29.18,92.12,6.76,22.96,Zaid,Tamil Nadu,muskmelon
25.06,138.22,206.53,21.79,91.23,6.37,132.44,Rabi,Uttar Pradesh,apple
18.01,33.7,14.81,33.27,53.73,6.3,45.28,Kharif,Andhra Pradesh,mothbeans
95.48,80.26,36.49,29.37,77.91,5.73,112.07,Annual,Tamil Nadu,banana
11.72,46.24,21.76,18.7,31.2,5.47,110.92,Kharif,Uttar Pradesh,kidneybeans
96.93,17.73,47.48,28.67,90.05,7.21,22.48,Zaid,West Bengal,muskmelon
78.85,36.78,42.02,27.53,82.06,6.73,264.27,Kharif,Uttar Pradesh,rice
0.0,47.05,19.61,32.46,62.65,6.23,68.63,Kharif,Madhya Pradesh,mothbeans
36.05,53.84,24.92,31.83,72.32,7.21,71.98,Kharif,Madhya Pradesh,blackgram
23.03,83.33,29.17,21.99,45.36,5.33,141.97,Kharif,Maharashtra,pigeonpeas
4.03,17.5,27.51,25.98,87.68,6.74,126.78,Annual,Kerala,pomegranate
119.62,111.68,58.95,30.26,88.58,6.0,144.26,Annual,Andhra Pradesh,banana
12.57,4.24,23.16,23.99,89.23,7.08,137.12,Annual,Kerala,orange
119.21,95.03,52.71,24.47,80.36,6.74,96.2,Annual,Karnataka,banana
21.91,11.09,20.07,25.69,36.81,5.91,90.55,Annual,Karnataka,mango
38.22,148.05,194.73,20.34,96.97,5.58,103.81,Rabi,Telangana,apple
83.77,74.17,46.44,27.74,80.05,5.98,66.88,Annual,Uttar Pradesh,banana
22.69,19.42,9.69,17.22,95.59,5.89,122.39,Annual,Tamil Nadu,orange
24.48,137.49,210.0,23.9,89.42,6.11,106.28,Rabi,Kerala,apple
23.0,138.31,210.0,23.11,90.78,6.11,132.18,Rabi,Madhya Pradesh,apple
70.44,74.62,56.31,23.77,80.48,5.31,99.15,Annual,Kerala,banana
39.26,66.04,52.41,36.58,99.55,6.97,156.24,Annual,Maharashtra,papaya
41.62,67.84,59.24,31.81,87.34,6.91,146.59,Annual,Telangana,papaya
25.26,135.13,210.0,17.84,88.92,5.18,114.89,Rabi,Karnataka,apple
17.36,12.21,47.17,23.87,89.92,5.99,110.41,Annual,Kerala,pomegranate
139.51,45.75,6.78,30.25,82.45,6.99,56.64,Kharif,Andhra Pradesh,cotton
31.14,134.17,205.07,17.46,84.28,6.11,69.04,Annual,Andhra Pradesh,grapes
81.29,32.06,11.2,24.94,64.21,6.39,139.65,Kharif,Punjab,maize
14.7,4.32,33.22,25.17,88.48,6.35,107.81,Annual,Andhra Pradesh,pomegranate
16.28,8.35,13.69,34.57,54.94,5.05,82.39,Annual,Punjab,mango
18.86,46.19,17.26,26.53,92.72,7.39,56.67,Kharif,Madhya Pradesh,mungbean
0.0,16.13,34.92,23.37,91.69,6.05,95.83,Annual,Maharashtra,pomegranate
74.3,77.87,58.67,27.86,82.01,5.99,115.11,Annual,Uttar Pradesh,banana
88.36,52.31,37.25,26.04,88.94,6.1,187.18,Kharif,Telangana,jute
20.38,129.62,210.0,29.38,78.04,5.7,56.44,Annual,Kerala,grapes
33.97,60.29,57.72,17.28,16.95,7.77,59.58,Rabi,Punjab,chickpea
99.84,24.9,28.91,29.09,53.37,7.7,139.12,Annual,Madhya Pradesh,coffee
21.4,36.71,35.05,26.41,53.81,5.11,135.87,Kharif,Punjab,pigeonpeas
25.08,65.03,27.38,13.1,63.06,6.66,59.34,Rabi,Tamil Nadu,lentil
19.8,9.99,51.21,19.78,96.9,5.34,107.7,Annual,West Bengal,pomegranate
22.42,74.37,9.83,21.35,64.74,5.98,137.42,Kharif,West Bengal,pigeonpeas
101.47,78.36,62.89,26.07,78.83,6.23,150.27,Annual,Andhra Pradesh,banana
22.12,18.53,18.99,26.46,90.92,6.25,152.3,Annual,Tamil Nadu,coconut
119.87,36.83,23.55,23.14,81.02,7.01,112.03,Kharif,Kerala,cotton
41.63,73.39,5.74,31.05,51.61,7.04,52.55,Kharif,Kerala,blackgram
118.53,47.35,34.02,24.86,65.22,7.27,154.03,Annual,Andhra Pradesh,coffee
28.24,21.33,30.35,18.57,88.26,6.49,102.56,Annual,Andhra Pradesh,pomegranate
95.85,49.8,25.59,27.15,84.38,6.44,85.52,Kharif,Karnataka,cotton
12.75,26.04,31.08,29.95,35.45,5.41,109.07,Annual,Madhya Pradesh,mango
23.19,149.85,204.63,22.52,72.47,5.09,101.14,Annual,Punjab,grapes
19.59,44.4,26.26,32.66,56.68,7.79,63.46,Kharif,Kerala,mothbeans
135.23,45.46,33.86,22.29,81.09,6.68,121.49,Kharif,Telangana,cotton
81.94,50.43,30.44,26.31,75.79,6.12,234.39,Kharif,Tamil Nadu,rice
33.39,49.34,23.64,28.15,49.72,6.72,52.03,Kharif,Maharashtra,mothbeans
8.52,89.53,185.37,25.13,64.88,5.66,41.16,Annual,Punjab,grapes
17.9,10.44,44.38,24.5,89.38,6.12,172.32,Annual,Karnataka,coconut
10.51,82.21,24.03,26.88,42.35,5.95,179.74,Kharif,Punjab,pigeonpeas
108.58,85.8,54.39,23.82,79.72,5.83,117.38,Annual,Tamil Nadu,banana
56.24,59.06,45.82,33.36,91.84,6.09,151.58,Annual,Karnataka,papaya
13.38,25.78,35.17,29.91,47.32,5.72,73.68,Annual,Tamil Nadu,mango
23.69,19.27,45.24,22.38,86.29,6.59,120.83,Annual,Telangana,pomegranate
18.52,39.65,22.65,31.06,56.44,6.03,117.02,Annual,Andhra Pradesh,mango
9.59,23.32,11.65,20.18,92.57,6.34,125.6,Annual,Madhya Pradesh,orange
15.68,74.45,14.41,22.87,30.4,5.02,123.11,Kharif,West Bengal,pigeonpeas
39.28,80.12,78.57,16.44,14.05,7.4,67.53,Rabi,Punjab,chickpea
8.13,30.79,25.53,29.74,43.85,5.97,79.0,Annual,Karnataka,mango
35.89,3.33,45.02,20.24,87.44,6.26,118.35,Annual,Maharashtra,pomegranate
19.97,73.34,17.91,23.56,70.79,7.22,26.56,Rabi,Punjab,lentil
5.26,15.39,16.62,26.39,92.39,6.08,82.81,Annual,Uttar Pradesh,pomegranate
37.36,150.0,210.0,24.48,74.19,6.09,58.15,Annual,West Bengal,grapes
27.48,75.93,19.19,22.16,22.37,6.12,110.64,Kharif,West Bengal,kidneybeans
54.9,69.31,80.55,25.31,27.09,7.87,56.17,Rabi,Tamil Nadu,chickpea
104.1,0.41,38.01,26.87,89.15,5.76,33.58,Zaid,Uttar Pradesh,muskmelon
23.75,17.36,6.55,23.42,92.32,6.16,106.44,Annual,Andhra Pradesh,orange
25.19,30.45,13.27,27.18,60.8,6.79,67.05,Kharif,West Bengal,mothbeans
59.21,59.32,42.19,27.23,82.29,7.66,167.25,Kharif,Uttar Pradesh,jute
37.86,42.84,74.53,21.67,10.46,7.62,93.17,Rabi,Tamil Nadu,chickpea
23.91,14.26,37.91,24.98,94.63,6.89,169.02,Annual,Maharashtra,coconut
105.37,21.92,56.05,22.48,89.48,6.6,43.48,Zaid,Maharashtra,watermelon
8.69,76.87,0.0,25.21,41.8,5.87,166.85,Kharif,West Bengal,pigeonpeas
55.07,70.07,24.25,34.28,61.41,7.06,51.2,Kharif,Andhra Pradesh,blackgram
80.49,31.58,40.6,26.22,56.17,7.88,131.89,Annual,Karnataka,coffee
11.58,27.58,40.65,33.8,62.69,6.56,54.08,Annual,Andhra Pradesh,mango
90.4,36.21,13.15,24.66,76.03,7.66,90.06,Kharif,West Bengal,cotton
24.41,112.87,210.0,23.54,99.65,6.17,105.9,Rabi,Kerala,apple
83.83,58.63,29.59,17.76,90.05,7.22,213.79,Kharif,Uttar Pradesh,rice
24.41,23.04,13.3,24.65,93.81,6.62,95.37,Annual,Maharashtra,orange
36.15,42.75,21.13,29.71,88.63,6.84,64.96,Kharif,Kerala,mungbean
12.25,40.01,30.04,26.29,84.06,6.19,62.49,Kharif,Kerala,mungbean
5.03,32.49,20.9,30.94,47.4,7.59,39.24,Kharif,Uttar Pradesh,mothbeans
116.01,83.54,42.68,26.63,69.75,5.84,94.99,Annual,Telangana,banana
13.6,31.37,36.19,25.12,94.1,6.28,160.03,Annual,Madhya Pradesh,coconut
115.09,16.84,47.54,20.29,88.42,6.58,36.17,Zaid,Maharashtra,watermelon
106.4,83.27,63.11,27.89,77.84,5.93,107.03,Annual,Tamil Nadu,banana
70.76,31.49,11.38,22.8,53.27,6.27,86.29,Kharif,Telangana,maize
101.43,17.01,31.86,28.05,87.18,6.4,37.69,Zaid,Uttar Pradesh,muskmelon
21.66,8.53,35.13,23.66,85.2,6.36,104.82,Annual,Punjab,pomegranate
20.6,77.47,10.5,26.06,49.89,5.45,192.94,Kharif,Karnataka,pigeonpeas
98.69,7.54,26.13,32.57,92.99,6.87,34.29,Zaid,Andhra Pradesh,muskmelon
20.09,36.93,33.19,34.72,87.39,6.69,30.58,Kharif,Madhya Pradesh,mungbean
84.98,3.07,56.77,30.94,76.91,6.12,61.27,Zaid,Maharashtra,watermelon
24.3,133.8,196.88,19.96,87.22,6.46,143.35,Rabi,Andhra Pradesh,apple
44.61,48.73,14.62,29.31,68.62,7.05,73.72,Kharif,Uttar Pradesh,blackgram
47.84,49.55,19.03,28.88,63.05,7.32,79.52,Kharif,Uttar Pradesh,blackgram
26.59,128.24,210.0,24.02,92.45,6.14,98.48,Rabi,West Bengal,apple
115.23,23.69,13.72,27.42,53.38,7.23,154.54,Annual,Punjab,coffee
16.39,39.85,14.58,21.82,65.87,6.48,37.98,Kharif,Uttar Pradesh,mothbeans
3.14,23.58,23.14,29.25,94.46,5.68,133.06,Annual,Maharashtra,coconut
0.0,43.08,22.71,29.4,89.81,6.59,47.52,Kharif,Maharashtra,mungbean
89.26,92.88,50.73,28.1,80.67,6.78,94.24,Annual,Madhya Pradesh,banana
74.77,48.14,48.38,30.99,96.57,6.37,190.42,Kharif,Maharashtra,rice
4.49,49.13,30.26,15.63,16.8,5.72,83.76,Kharif,Uttar Pradesh,kidneybeans
37.01,67.79,29.54,28.84,69.25,7.12,71.87,Kharif,Andhra Pradesh,blackgram
95.5,11.48,77.46,26.7,91.24,6.26,22.23,Zaid,Punjab,muskmelon
63.8,12.39,58.81,27.16,96.98,6.82,15.0,Zaid,Maharashtra,muskmelon
126.73,10.63,62.75,25.18,90.22,6.82,31.04,Zaid,Punjab,watermelon
117.24,52.87,23.02,21.96,79.71,6.59,113.28,Kharif,Uttar Pradesh,cotton
26.7,106.09,173.85,29.23,78.2,5.41,53.45,Annual,Uttar Pradesh,grapes
24.21,43.12,40.45,32.09,60.87,5.97,85.8,Annual,Punjab,mango
80.8,25.67,48.55,32.44,79.13,7.14,70.87,Zaid,West Bengal,watermelon
16.72,150.0,196.02,24.45,78.99,6.18,88.52,Annual,Maharashtra,grapes
20.05,21.09,19.48,19.99,89.82,6.32,115.82,Annual,Maharashtra,orange
124.69,21.11,54.48,26.97,93.07,6.01,28.87,Zaid,West Bengal,muskmelon
10.38,25.21,39.31,27.22,41.43,5.67,137.67,Annual,Karnataka,mango
25.48,48.34,25.36,30.26,85.81,6.59,72.96,Kharif,Karnataka,mungbean
52.22,52.88,55.12,33.95,100.0,7.13,157.9,Annual,Kerala,papaya
53.99,76.45,85.94,20.58,19.36,6.87,92.14,Rabi,Maharashtra,chickpea
71.32,41.03,36.05,25.6,84.98,5.81,190.58,Kharif,Telangana,jute
109.63,31.01,28.59,36.4,92.81,6.63,20.64,Zaid,Andhra Pradesh,muskmelon
19.21,11.02,59.25,23.57,88.17,7.11,94.29,Annual,Tamil Nadu,pomegranate
25.69,18.24,33.91,28.62,95.56,5.84,195.83,Annual,Madhya Pradesh,coconut
99.43,66.26,52.02,27.09,82.78,5.43,105.25,Annual,Karnataka,banana
21.88,138.13,193.27,30.13,75.46,6.13,81.03,Annual,Kerala,grapes
39.27,69.58,70.21,16.14,24.6,7.99,55.18,Rabi,Uttar Pradesh,chickpea
9.23,44.43,19.44,25.62,85.39,6.48,66.36,Kharif,Tamil Nadu,mungbean
24.23,148.17,200.45,24.34,73.5,5.14,88.78,Annual,Tamil Nadu,grapes
23.29,94.87,23.58,21.7,40.27,6.05,190.23,Kharif,Uttar Pradesh,pigeonpeas
69.87,89.08,51.44,24.02,83.87,5.34,131.14,Annual,Madhya Pradesh,banana
27.22,9.09,29.82,18.7,90.46,6.71,128.85,Annual,Tamil Nadu,pomegranate
91.97,48.65,71.79,27.55,78.46,6.59,215.53,Kharif,Madhya Pradesh,rice
19.53,82.8,10.13,18.27,61.9,6.55,48.72,Rabi,Karnataka,lentil
21.6,47.81,6.92,15.64,67.8,6.9,60.73,Rabi,Maharashtra,lentil
40.77,86.88,21.65,29.74,62.56,7.57,90.37,Kharif,Karnataka,blackgram
75.72,67.61,36.16,25.58,81.86,7.26,154.72,Kharif,Andhra Pradesh,jute
21.27,58.07,23.36,20.55,54.06,6.99,43.24,Rabi,Andhra Pradesh,lentil
42.88,51.44,22.58,25.01,64.44,6.52,53.23,Kharif,Uttar Pradesh,blackgram
85.34,42.14,38.1,21.66,84.9,6.41,170.22,Kharif,Maharashtra,rice
28.87,150.0,210.0,21.54,89.74,5.57,108.73,Rabi,Andhra Pradesh,apple
17.6,56.64,23.43,27.94,32.09,4.97,162.74,Kharif,Maharashtra,pigeonpeas
10.52,66.76,12.34,31.44,85.59,6.49,49.33,Kharif,West Bengal,mungbean
82.74,67.43,39.98,26.22,90.08,6.25,189.91,Kharif,Kerala,rice
92.69,20.59,22.42,24.51,65.31,6.46,177.54,Annual,Kerala,coffee
97.37,68.59,62.3,28.63,87.15,5.25,152.54,Annual,Madhya Pradesh,banana
18.62,50.15,10.53,23.06,72.93,6.48,47.94,Kharif,West Bengal,mothbeans
93.78,16.54,28.22,29.13,92.4,5.96,23.95,Zaid,Telangana,muskmelon
32.5,58.91,76.33,18.04,11.66,5.92,66.31,Rabi,Madhya Pradesh,chickpea
55.29,65.78,86.87,12.63,12.93,6.76,37.1,Rabi,Kerala,chickpea
80.05,32.5,18.11,23.26,60.84,6.99,82.54,Kharif,Karnataka,maize
4.89,68.97,24.12,20.91,65.94,5.91,64.16,Rabi,Punjab,lentil
13.79,138.59,206.43,21.06,87.47,6.4,132.77,Rabi,Andhra Pradesh,apple
90.0,17.59,51.27,23.23,89.9,6.56,25.86,Zaid,Andhra Pradesh,muskmelon
26.38,47.94,70.14,20.35,10.0,7.24,96.17,Rabi,Andhra Pradesh,chickpea
10.19,64.39,12.87,15.78,16.31,6.06,100.36,Kharif,Madhya Pradesh,kidneybeans
8.5,84.44,12.07,17.31,69.49,7.52,27.7,Rabi,Punjab,lentil
7.63,51.21,44.78,35.02,44.6,5.7,78.69,Annual,Uttar Pradesh,mango
20.49,123.92,198.86,27.25,78.5,5.57,87.26,Annual,Telangana,grapes
15.9,69.17,18.51,21.56,92.49,7.11,33.97,Rabi,Kerala,lentil
37.27,44.27,59.55,32.15,96.69,6.76,233.91,Annual,Telangana,papaya
19.51,10.82,4.73,21.09,82.83,5.94,125.65,Annual,Karnataka,orange
13.26,17.57,22.59,23.48,86.15,6.16,100.73,Annual,West Bengal,pomegranate
18.56,56.42,6.5,18.48,54.85,6.23,52.91,Rabi,West Bengal,lentil
141.5,92.93,37.02,28.11,76.04,6.08,70.62,Annual,Uttar Pradesh,banana
53.43,54.9,27.33,26.81,79.83,6.75,173.94,Kharif,Andhra Pradesh,jute
52.85,33.97,11.26,18.21,76.78,6.24,94.49,Kharif,West Bengal,maize
16.56,68.78,18.65,13.25,21.06,5.25,70.31,Kharif,Andhra Pradesh,kidneybeans
150.0,25.59,45.37,29.9,62.27,6.81,157.37,Annual,Kerala,coffee
12.32,64.29,34.43,17.6,62.71,6.43,62.19,Rabi,Telangana,lentil
4.88,51.81,28.13,35.93,55.26,5.75,137.04,Kharif,Kerala,pigeonpeas
102.26,66.69,51.29,34.83,88.23,4.71,106.58,Annual,Andhra Pradesh,banana
19.91,132.27,193.36,23.75,77.19,5.77,60.84,Annual,Tamil Nadu,grapes
23.01,137.45,207.26,25.21,80.55,6.4,59.89,Annual,Punjab,grapes
109.82,9.23,36.63,25.72,86.14,6.52,60.76,Zaid,Punjab,watermelon
16.18,20.01,14.32,19.68,88.76,6.39,79.13,Annual,Uttar Pradesh,orange
0.28,143.22,194.84,25.5,94.36,6.14,106.56,Rabi,Punjab,apple
44.67,92.24,19.84,32.35,58.36,6.26,64.72,Kharif,Andhra Pradesh,blackgram
104.21,33.89,28.28,21.72,83.44,6.7,212.75,Kharif,Telangana,rice
13.04,41.58,28.6,27.6,81.53,7.16,82.14,Kharif,Uttar Pradesh,mungbean
94.44,88.41,50.29,27.07,79.17,5.56,113.38,Annual,Karnataka,banana
69.29,47.72,17.76,21.95,74.21,5.58,65.05,Kharif,Karnataka,maize
25.42,150.0,188.58,22.03,83.1,6.25,80.2,Annual,Madhya Pradesh,grapes
24.51,73.97,17.23,14.04,68.65,6.52,48.22,Rabi,Maharashtra,lentil
72.31,64.71,64.22,31.54,88.52,6.67,96.83,Annual,West Bengal,papaya
23.73,33.88,23.42,30.72,82.49,6.22,42.89,Kharif,Uttar Pradesh,mungbean
28.22,29.44,31.1,20.52,88.39,6.06,109.89,Annual,Kerala,pomegranate
27.47,11.2,53.4,19.24,88.09,5.86,86.51,Annual,Punjab,pomegranate
18.03,44.78,12.96,31.48,51.39,5.18,96.91,Annual,Tamil Nadu,mango
94.08,45.53,65.01,25.73,75.08,6.62,208.41,Kharif,Karnataka,jute
58.73,28.13,17.09,22.98,50.94,5.61,63.48,Kharif,Madhya Pradesh,maize
41.27,28.23,64.66,27.54,13.72,6.31,99.7,Rabi,Tamil Nadu,chickpea
92.84,22.46,58.06,31.73,90.03,6.81,15.0,Zaid,Maharashtra,muskmelon
19.64,14.65,44.82,25.11,88.38,6.12,159.27,Annual,Kerala,coconut
12.36,25.84,38.42,29.48,53.52,5.16,110.6,Annual,Andhra Pradesh,mango
98.18,53.14,49.75,25.11,82.93,6.69,174.49,Kharif,Andhra Pradesh,jute
28.04,8.4,9.72,22.75,95.6,5.73,65.81,Annual,Madhya Pradesh,orange
21.86,70.37,28.02,20.73,68.54,7.27,17.63,Rabi,Punjab,lentil
33.43,24.62,21.77,27.63,47.31,5.42,80.26,Annual,West Bengal,mango
22.08,90.1,22.69,10.87,22.96,5.82,105.87,Kharif,Madhya Pradesh,kidneybeans
89.99,38.92,30.9,24.53,85.11,7.34,172.53,Kharif,Madhya Pradesh,jute
27.18,24.63,32.23,24.89,96.12,6.19,129.62,Annual,Uttar Pradesh,coconut
106.28,65.58,14.75,26.87,81.4,7.09,74.99,Kharif,Madhya Pradesh,cotton
18.73,82.77,9.89,26.01,58.3,6.94,26.71,Rabi,Uttar Pradesh,lentil
26.34,28.0,38.77,29.31,57.08,6.21,108.55,Annual,Telangana,mango
15.87,123.75,208.52,23.39,92.8,6.23,98.87,Rabi,Uttar Pradesh,apple
67.68,75.02,55.47,29.35,91.38,6.46,109.7,Annual,Andhra Pradesh,banana
24.53,57.21,20.63,29.65,70.61,7.77,49.07,Kharif,West Bengal,mothbeans
38.34,148.47,190.62,33.32,70.49,6.25,59.56,Annual,Andhra Pradesh,grapes
89.88,39.9,32.72,24.64,62.78,5.77,99.55,Kharif,West Bengal,maize
24.41,70.12,15.51,31.44,39.17,5.51,199.09,Kharif,Tamil Nadu,pigeonpeas
18.97,37.47,12.24,32.52,80.11,7.24,43.45,Kharif,Punjab,mungbean
98.89,39.05,17.34,34.82,66.15,5.74,67.64,Kharif,Andhra Pradesh,maize
20.0,69.54,7.7,20.93,62.92,7.13,48.53,Rabi,Tamil Nadu,lentil
23.96,18.6,17.58,20.3,89.56,6.82,113.32,Annual,Punjab,orange
44.92,57.55,61.01,17.02,16.67,7.88,54.27,Rabi,Andhra Pradesh,chickpea
21.44,28.36,19.41,32.0,59.58,5.59,77.65,Annual,Tamil Nadu,mango
3.41,136.65,210.0,23.33,98.06,6.42,117.3,Rabi,Andhra Pradesh,apple
110.05,20.81,55.5,24.98,86.94,6.12,32.43,Zaid,Punjab,watermelon
113.98,79.81,44.48,26.2,82.76,5.44,134.72,Annual,Madhya Pradesh,banana
89.15,43.3,32.21,26.29,77.74,6.47,273.41,Kharif,West Bengal,rice
25.16,26.44,4.18,20.27,89.65,6.35,102.87,Annual,Kerala,orange
0.0,44.02,14.25,27.21,48.82,7.21,48.31,Kharif,Andhra Pradesh,mothbeans
91.5,25.17,55.88,31.65,88.06,6.91,24.56,Zaid,Andhra Pradesh,muskmelon
76.77,48.24,26.35,22.24,78.54,6.7,175.3,Kharif,Maharashtra,jute
127.45,35.29,50.5,26.37,89.09,7.01,54.7,Zaid,Punjab,watermelon
23.41,13.49,32.28,22.3,77.9,6.1,81.97,Annual,Madhya Pradesh,pomegranate
59.92,50.47,8.82,21.35,78.38,6.66,87.44,Kharif,Maharashtra,maize
23.57,76.13,26.0,16.68,12.94,6.01,115.92,Kharif,Kerala,kidneybeans
11.24,126.16,191.13,15.85,89.82,6.34,128.02,Rabi,Maharashtra,apple
18.58,33.84,17.74,32.74,44.58,5.82,83.71,Annual,Maharashtra,mango
114.26,57.58,18.69,24.8,72.17,6.64,87.35,Kharif,Karnataka,cotton
125.41,91.53,53.97,31.01,78.72,5.74,101.77,Annual,Karnataka,banana
21.27,56.6,18.93,30.37,84.14,6.92,27.46,Kharif,Maharashtra,mungbean
20.1,33.86,12.13,26.31,57.77,6.64,40.27,Kharif,West Bengal,mothbeans
31.45,19.88,0.0,23.1,94.22,6.9,138.59,Annual,Kerala,orange
33.56,61.88,91.64,23.5,11.11,6.87,77.17,Rabi,Uttar Pradesh,chickpea
125.39,78.8,47.99,28.53,78.81,6.06,112.02,Annual,Punjab,banana
25.45,124.24,210.0,19.76,92.86,5.81,102.98,Rabi,Maharashtra,apple
9.45,5.07,18.41,20.16,90.69,5.75,104.75,Annual,Tamil Nadu,orange
17.9,52.07,18.56,33.04,85.39,6.5,43.11,Kharif,Telangana,mungbean
22.27,60.5,20.62,20.82,80.69,6.84,44.38,Rabi,Tamil Nadu,lentil
16.59,150.0,210.0,21.73,88.29,6.52,114.73,Rabi,Tamil Nadu,apple
40.28,46.9,25.3,22.94,48.15,7.41,56.03,Kharif,Karnataka,mothbeans
56.29,55.02,51.88,21.94,72.7,6.24,267.23,Kharif,Tamil Nadu,rice
116.9,27.1,55.29,31.74,92.03,7.29,32.46,Zaid,Karnataka,muskmelon
17.27,62.24,25.3,26.32,52.32,6.79,38.48,Kharif,Uttar Pradesh,mothbeans
22.8,42.38,20.4,24.78,86.24,6.72,41.9,Kharif,West Bengal,mungbean
18.54,16.73,28.03,25.5,95.44,5.98,184.82,Annual,Tamil Nadu,coconut
24.14,59.54,18.08,15.59,15.03,5.28,92.64,Kharif,Madhya Pradesh,kidneybeans
12.17,76.35,13.74,16.32,61.86,7.4,48.22,Rabi,Maharashtra,lentil
107.6,28.52,52.1,20.91,84.47,6.71,46.76,Zaid,Madhya Pradesh,watermelon
42.86,68.61,32.85,31.82,51.68,5.31,181.79,Kharif,Madhya Pradesh,pigeonpeas
13.96,53.34,34.61,18.97,72.47,6.76,42.3,Rabi,Andhra Pradesh,lentil
75.24,38.35,5.98,24.38,72.99,5.56,93.41,Kharif,Telangana,maize
108.41,19.18,50.1,21.12,79.86,5.96,47.77,Zaid,Tamil Nadu,watermelon
26.1,11.6,40.0,23.13,86.7,6.95,106.46,Annual,Karnataka,pomegranate
14.75,42.23,34.03,30.85,38.0,5.7,132.84,Annual,Kerala,mango
39.18,57.87,21.67,32.28,79.16,6.56,71.66,Kharif,Madhya Pradesh,mungbean
17.7,44.88,24.89,27.96,48.67,5.58,78.85,Annual,Telangana,mango
22.91,8.12,11.68,23.94,96.68,6.6,116.43,Annual,Karnataka,orange
92.96,27.41,39.54,28.98,82.83,7.35,39.77,Zaid,West Bengal,watermelon
39.73,47.46,52.84,35.15,89.19,6.97,179.21,Annual,Uttar Pradesh,papaya
7.66,55.67,3.85,18.47,77.88,6.84,54.65,Rabi,Karnataka,lentil
28.77,147.57,202.06,20.89,86.14,6.25,135.72,Rabi,Tamil Nadu,apple
0.0,79.91,21.09,23.72,57.95,5.46,129.35,Kharif,Tamil Nadu,pigeonpeas
12.57,31.27,23.71,28.21,57.25,6.17,109.44,Annual,Kerala,mango
48.54,31.06,17.9,21.26,74.05,6.02,117.21,Kharif,Tamil Nadu,maize
79.09,71.0,52.86,41.67,92.47,6.93,121.59,Annual,Madhya Pradesh,papaya
93.74,41.74,27.29,28.58,60.1,7.53,133.77,Annual,Uttar Pradesh,coffee
91.82,67.4,65.89,29.76,70.34,5.31,119.84,Annual,Uttar Pradesh,banana
104.09,22.31,48.76,31.54,94.53,5.93,38.89,Zaid,Andhra Pradesh,muskmelon
16.17,70.68,16.91,28.08,37.39,5.36,169.06,Kharif,Madhya Pradesh,pigeonpeas
105.68,96.64,41.96,24.53,80.08,5.88,100.35,Annual,Tamil Nadu,banana
108.57,19.4,40.34,27.45,88.3,7.07,76.46,Zaid,Tamil Nadu,watermelon
80.01,41.29,37.07,26.23,78.66,6.78,198.93,Kharif,Uttar Pradesh,jute
71.62,32.22,41.73,29.74,82.8,6.15,241.43,Kharif,Karnataka,rice
124.57,1.71,44.15,27.92,85.0,5.97,56.4,Zaid,Maharashtra,watermelon
92.82,32.0,25.06,23.96,51.99,5.94,94.13,Kharif,Uttar Pradesh,maize
33.77,61.22,19.93,26.64,67.63,7.2,54.73,Kharif,Maharashtra,mothbeans
76.84,22.79,51.69,26.14,90.0,6.67,27.91,Zaid,Tamil Nadu,watermelon
25.57,45.56,13.61,29.8,84.68,6.94,43.19,Kharif,Karnataka,mungbean
12.88,17.71,5.38,17.19,89.61,6.38,120.43,Annual,Tamil Nadu,orange
0.0,62.69,19.63,17.02,71.91,7.5,23.82,Rabi,Uttar Pradesh,lentil
79.79,40.77,22.75,20.81,82.56,7.12,59.65,Kharif,Kerala,cotton
49.1,68.41,87.02,20.26,12.96,7.17,75.38,Rabi,Madhya Pradesh,chickpea
106.2,36.3,28.92,18.28,67.18,6.96,154.17,Annual,Kerala,coffee
25.53,62.5,29.04,22.04,37.85,6.38,26.11,Kharif,Madhya Pradesh,mothbeans
20.42,70.28,25.04,26.22,88.43,7.77,25.56,Kharif,Punjab,mungbean
101.84,25.41,28.06,18.44,70.24,7.27,113.08,Annual,Karnataka,coffee
8.87,134.25,210.0,24.32,84.6,6.24,148.44,Rabi,Kerala,apple
54.7,67.03,92.0,16.39,10.0,7.43,74.33,Rabi,Madhya Pradesh,chickpea
15.93,8.92,31.94,20.28,92.65,7.03,77.88,Annual,West Bengal,pomegranate
17.19,74.31,0.65,21.83,29.81,5.81,116.18,Kharif,Punjab,kidneybeans
131.14,18.19,52.4,23.15,89.52,6.82,26.7,Zaid,Maharashtra,muskmelon
93.46,10.67,55.3,23.56,87.65,6.13,29.51,Zaid,Andhra Pradesh,muskmelon
24.2,70.36,93.7,24.81,14.44,7.88,93.55,Rabi,West Bengal,chickpea
94.05,36.36,21.02,23.75,68.85,5.68,58.11,Kharif,Maharashtra,maize
20.57,50.94,15.2,26.12,50.52,5.56,121.93,Kharif,Uttar Pradesh,pigeonpeas
43.69,59.08,103.22,20.05,24.75,7.43,91.53,Rabi,West Bengal,chickpea
44.71,66.03,28.58,36.75,95.98,6.91,60.57,Annual,Madhya Pradesh,papaya
18.24,22.82,32.85,29.89,95.56,5.68,173.54,Annual,Punjab,coconut
9.91,62.41,20.81,27.92,52.7,6.26,129.24,Kharif,Andhra Pradesh,pigeonpeas
96.8,14.52,51.12,29.26,94.73,6.15,15.0,Zaid,Kerala,muskmelon
91.88,31.22,33.61,26.08,83.8,5.93,37.71,Zaid,West Bengal,watermelon
35.22,80.3,47.4,35.62,95.49,6.64,133.02,Annual,Tamil Nadu,papaya
98.1,59.92,58.59,27.44,82.12,6.67,84.38,Annual,Punjab,banana
35.37,43.52,23.08,23.3,92.6,6.46,65.76,Kharif,Madhya Pradesh,mungbean
100.49,65.53,41.72,23.99,81.29,6.45,160.77,Kharif,Karnataka,rice
45.38,67.49,59.03,33.79,94.19,7.21,146.88,Annual,Telangana,papaya
115.83,74.66,43.1,24.46,74.31,6.11,101.62,Annual,Telangana,banana
20.93,21.69,20.76,26.61,95.4,5.9,191.85,Annual,Kerala,coconut
20.58,58.83,29.05,26.74,87.78,6.91,41.9,Kharif,Andhra Pradesh,mungbean
96.0,35.95,36.22,28.9,80.22,6.5,192.66,Kharif,West Bengal,rice
31.29,33.29,10.87,27.3,49.82,6.02,59.75,Kharif,West Bengal,mothbeans
15.73,53.31,18.73,25.8,48.99,6.2,79.84,Kharif,Karnataka,mothbeans
32.41,30.18,40.01,27.47,99.48,6.0,163.02,Annual,Madhya Pradesh,coconut
13.51,72.09,14.06,13.94,18.91,5.85,67.56,Kharif,Uttar Pradesh,kidneybeans
22.23,22.66,46.31,26.43,96.49,6.18,188.54,Annual,Madhya Pradesh,coconut
64.72,67.05,76.52,20.02,18.54,7.52,116.53,Rabi,Uttar Pradesh,chickpea
95.75,27.19,20.55,27.34,66.38,7.23,146.34,Annual,West Bengal,coffee
18.45,72.8,25.96,16.56,59.35,6.99,58.56,Rabi,Karnataka,lentil
19.9,22.65,47.72,19.33,96.14,7.06,118.55,Annual,Uttar Pradesh,pomegranate
132.54,38.78,4.83,21.91,72.3,7.07,64.96,Kharif,Maharashtra,cotton
18.76,10.87,18.28,26.92,91.6,6.87,143.01,Annual,West Bengal,orange
22.85,131.1,180.25,25.49,90.38,6.71,118.08,Rabi,Punjab,apple
21.2,31.51,17.13,30.05,41.27,6.07,66.9,Annual,Punjab,mango
25.71,19.85,31.98,31.9,39.36,5.94,70.02,Annual,Uttar Pradesh,mango
31.1,47.38,87.59,16.87,35.36,6.76,49.85,Rabi,Maharashtra,chickpea
18.38,128.35,185.51,28.23,84.42,6.07,69.36,Annual,Kerala,grapes
23.12,14.6,18.38,24.32,92.31,6.86,77.02,Annual,Uttar Pradesh,orange
110.24,67.2,50.76,24.58,78.06,6.36,118.29,Annual,Maharashtra,banana
115.41,62.28,22.22,30.43,81.4,6.57,68.33,Kharif,Karnataka,cotton
119.6,13.12,49.61,24.69,81.82,6.79,55.44,Zaid,Andhra Pradesh,watermelon
97.85,13.42,36.11,23.64,88.78,6.14,27.83,Zaid,West Bengal,muskmelon
94.13,11.78,60.25,25.35,84.18,6.55,55.07,Zaid,Uttar Pradesh,watermelon
19.01,26.16,33.29,15.54,87.32,6.0,92.36,Annual,Telangana,pomegranate
11.58,57.69,31.06,18.6,14.95,5.95,102.08,Kharif,Madhya Pradesh,kidneybeans
10.41,20.38,4.73,24.17,91.54,6.27,108.18,Annual,Tamil Nadu,orange
81.93,63.87,11.2,23.59,77.39,6.7,67.59,Kharif,Maharashtra,maize
85.29,29.13,33.99,21.18,59.72,6.51,158.1,Annual,Madhya Pradesh,coffee
33.44,80.36,17.18,25.63,65.61,6.64,89.03,Kharif,Tamil Nadu,blackgram
133.9,64.35,15.17,20.61,81.94,7.72,71.94,Kharif,Madhya Pradesh,cotton
64.76,41.65,41.63,26.76,85.56,6.52,216.05,Kharif,Andhra Pradesh,rice
85.68,23.17,35.34,24.93,54.18,6.44,129.67,Annual,Telangana,coffee
65.32,82.76,93.43,18.45,11.7,7.69,52.99,Rabi,Karnataka,chickpea
11.82,71.4,19.23,12.6,61.93,7.48,38.23,Rabi,Andhra Pradesh,lentil
37.94,77.3,74.98,17.71,23.98,7.15,97.09,Rabi,Maharashtra,chickpea
83.06,36.5,30.07,26.73,61.74,6.72,179.7,Annual,Maharashtra,coffee
90.17,47.49,40.44,24.39,76.59,6.14,200.16,Kharif,Maharashtra,rice
7.32,32.89,28.01,33.77,43.45,5.71,92.95,Annual,Kerala,mango
111.81,40.44,51.32,23.07,81.7,5.77,248.2,Kharif,Tamil Nadu,rice
80.67,65.6,37.75,21.17,82.35,5.77,199.93,Kharif,Kerala,rice
48.58,21.77,35.07,34.56,96.8,6.99,143.11,Annual,Maharashtra,papaya
78.63,47.07,57.38,26.32,88.43,6.52,194.59,Kharif,Punjab,jute
27.79,47.88,24.52,33.87,66.52,7.6,40.06,Kharif,Andhra Pradesh,blackgram
93.56,8.84,39.48,28.8,99.24,6.56,21.25,Zaid,West Bengal,muskmelon
111.17,26.0,17.38,24.9,81.01,6.82,109.75,Kharif,Punjab,cotton
14.72,23.59,38.55,34.27,50.54,5.1,89.09,Annual,Karnataka,mango
100.0,35.18,25.58,24.82,82.42,5.92,263.24,Kharif,Andhra Pradesh,rice
17.58,39.39,20.21,31.16,53.7,5.27,82.28,Annual,Karnataka,mango
98.62,66.17,64.92,30.2,74.78,5.78,99.37,Annual,Telangana,banana
14.97,118.75,210.0,18.99,86.88,5.99,117.37,Rabi,Punjab,apple
60.52,56.26,28.63,25.74,83.11,6.5,170.84,Kharif,Telangana,jute
118.39,5.84,24.96,28.44,55.5,7.23,209.94,Annual,Andhra Pradesh,coffee
97.01,12.04,47.02,22.35,88.57,6.54,64.75,Zaid,Uttar Pradesh,watermelon
19.21,11.75,11.36,19.19,95.36,6.12,102.27,Annual,Uttar Pradesh,orange
26.56,80.02,19.58,31.06,33.29,6.16,126.87,Kharif,West Bengal,pigeonpeas
17.0,15.45,34.77,31.38,53.98,5.07,130.82,Annual,Kerala,mango
21.7,22.79,15.95,17.94,85.92,6.19,137.69,Annual,Maharashtra,orange
94.18,6.31,64.87,29.35,88.34,6.51,36.59,Zaid,West Bengal,muskmelon
21.37,48.31,18.49,13.52,20.68,4.97,115.58,Kharif,Maharashtra,kidneybeans
103.51,19.76,60.82,21.86,91.62,6.51,42.41,Zaid,Andhra Pradesh,watermelon
34.27,21.72,16.51,20.92,87.7,6.22,109.76,Annual,Maharashtra,orange
20.77,35.35,6.71,30.46,48.26,6.38,33.59,Kharif,Telangana,mothbeans
86.33,19.12,43.24,30.98,85.62,6.22,45.48,Zaid,Karnataka,watermelon
106.84,11.03,28.65,27.64,53.79,6.87,207.73,Annual,Tamil Nadu,coffee
51.68,69.4,44.46,28.37,97.7,6.25,153.72,Annual,Maharashtra,papaya
77.39,32.7,23.02,25.81,65.57,6.22,124.44,Kharif,Madhya Pradesh,maize
21.17,42.96,4.88,29.52,62.65,8.06,44.13,Kharif,Tamil Nadu,mothbeans
11.28,143.83,209.05,22.73,90.43,5.82,105.49,Rabi,Punjab,apple
17.12,29.89,31.78,18.84,85.49,5.66,111.14,Annual,Tamil Nadu,pomegranate
20.36,108.45,209.57,23.18,92.13,5.8,69.71,Rabi,Uttar Pradesh,apple
16.15,46.81,16.03,21.63,62.22,6.92,45.29,Kharif,Tamil Nadu,mothbeans
29.36,16.32,30.68,26.35,91.33,5.53,133.45,Annual,Karnataka,coconut
11.6,32.99,21.09,34.91,54.24,5.13,84.42,Annual,West Bengal,mango
33.17,144.46,210.0,23.36,91.63,5.79,127.58,Rabi,Tamil Nadu,apple
16.87,17.51,9.86,18.06,93.53,6.69,99.16,Annual,Kerala,orange
117.69,45.64,12.76,27.32,77.59,6.96,38.79,Kharif,Telangana,cotton
82.79,81.06,43.99,23.43,76.71,5.53,72.15,Annual,Maharashtra,banana
26.18,133.53,207.46,18.66,84.07,6.41,74.81,Annual,Punjab,grapes
130.28,46.6,12.61,26.91,83.64,6.19,85.05,Kharif,Punjab,cotton
13.36,53.03,13.52,20.18,67.75,6.5,15.0,Rabi,Uttar Pradesh,lentil
108.75,32.37,8.97,20.02,68.28,6.35,87.56,Kharif,Andhra Pradesh,maize
113.47,41.38,30.59,23.65,84.26,5.57,255.5,Kharif,Telangana,rice
32.84,47.93,7.05,23.69,50.87,6.11,163.12,Kharif,Tamil Nadu,pigeonpeas
31.6,73.11,23.63,33.53,69.55,7.63,77.16,Kharif,Punjab,blackgram
51.69,50.96,89.06,18.82,10.0,6.24,54.64,Rabi,Tamil Nadu,chickpea
23.59,62.85,18.9,20.21,11.67,5.51,82.27,Kharif,Kerala,kidneybeans
26.19,102.7,204.23,29.11,80.39,5.29,63.79,Annual,Uttar Pradesh,grapes
92.4,16.58,45.06,27.19,89.18,5.82,19.65,Zaid,Telangana,muskmelon
126.52,19.44,53.34,29.49,95.49,6.58,27.82,Zaid,Andhra Pradesh,muskmelon
42.4,60.6,6.67,20.7,16.64,6.45,99.36,Kharif,Uttar Pradesh,kidneybeans
114.85,19.83,63.25,28.24,92.56,6.29,27.63,Zaid,Madhya Pradesh,muskmelon
89.57,25.04,19.85,30.89,54.15,7.26,180.68,Annual,Karnataka,coffee
111.09,32.2,15.2,25.84,68.53,6.87,122.25,Annual,Tamil Nadu,coffee
76.59,46.16,42.63,26.04,81.08,6.63,154.97,Kharif,Madhya Pradesh,jute
38.06,135.79,188.09,22.93,77.43,5.88,65.07,Annual,Andhra Pradesh,grapes
13.93,67.9,10.72,15.11,58.0,6.41,38.79,Rabi,Telangana,lentil
95.11,18.24,44.41,25.01,76.25,7.04,50.24,Zaid,Uttar Pradesh,watermelon
100.43,52.28,16.42,25.64,81.9,6.68,101.45,Kharif,Punjab,cotton
94.72,28.35,36.07,20.16,68.99,5.26,61.74,Kharif,Maharashtra,maize
35.27,56.55,12.11,24.11,45.45,4.62,143.78,Kharif,Madhya Pradesh,pigeonpeas
12.61,130.38,195.0,18.26,81.75,5.96,87.73,Annual,Uttar Pradesh,grapes
31.84,66.38,17.57,15.49,25.22,6.42,103.99,Kharif,Karnataka,kidneybeans
58.8,55.89,70.48,28.9,95.72,6.67,160.16,Annual,Madhya Pradesh,papaya
84.41,30.21,37.01,25.63,71.68,6.53,159.48,Annual,Madhya Pradesh,coffee
15.32,31.03,23.68,21.05,64.1,6.69,77.47,Kharif,Maharashtra,mothbeans
46.76,52.63,80.11,19.53,28.05,8.26,41.71,Rabi,Karnataka,chickpea
97.95,81.41,50.56,27.44,75.76,6.27,110.17,Annual,Karnataka,banana
103.48,5.41,50.73,22.37,79.65,6.25,33.19,Zaid,Kerala,watermelon
127.89,47.66,13.06,21.88,79.02,7.05,79.29,Kharif,Uttar Pradesh,cotton
24.65,31.4,22.09,31.88,37.96,6.48,66.95,Annual,Karnataka,mango
36.68,55.19,85.06,19.62,13.02,6.97,50.79,Rabi,Uttar Pradesh,chickpea
105.59,44.5,24.51,24.46,65.64,6.49,64.76,Kharif,Uttar Pradesh,maize
100.72,32.3,36.94,21.18,51.06,7.04,145.81,Annual,Tamil Nadu,coffee
38.13,77.33,11.19,25.88,56.81,6.92,51.57,Kharif,Maharashtra,blackgram
22.94,81.3,29.25,20.3,12.47,5.45,84.92,Kharif,West Bengal,kidneybeans
16.69,61.85,14.19,14.35,12.52,4.63,83.87,Kharif,Telangana,kidneybeans
108.01,6.74,72.26,23.67,92.28,5.55,24.59,Zaid,Kerala,muskmelon
114.82,10.45,70.43,32.01,98.35,6.75,15.78,Zaid,Kerala,muskmelon
47.04,52.7,92.2,21.87,10.0,7.9,119.68,Rabi,Punjab,chickpea
45.7,77.31,0.59,26.53,64.12,7.47,62.26,Kharif,Tamil Nadu,blackgram
106.33,72.1,59.66,33.72,78.91,6.12,94.2,Annual,Madhya Pradesh,banana
67.95,45.51,23.16,17.73,57.21,5.81,75.86,Kharif,Andhra Pradesh,maize
24.89,56.76,20.64,16.1,24.37,5.87,96.03,Kharif,Kerala,kidneybeans
74.1,60.13,38.88,24.07,78.21,6.56,148.01,Kharif,Maharashtra,jute
17.55,16.3,27.79,29.29,92.68,6.15,157.37,Annual,Uttar Pradesh,coconut
98.35,29.2,45.43,25.53,67.51,6.02,143.94,Annual,Andhra Pradesh,coffee
27.17,50.91,21.38,29.59,46.08,6.68,49.7,Kharif,Punjab,mothbeans
13.12,12.39,22.51,26.46,94.74,6.3,137.99,Annual,Uttar Pradesh,coconut
36.27,55.42,16.0,28.79,56.88,7.89,77.4,Kharif,Madhya Pradesh,blackgram
51.7,42.48,24.4,28.64,56.73,7.23,49.76,Kharif,Telangana,blackgram
57.98,37.95,36.04,23.28,85.87,6.95,147.26,Kharif,Andhra Pradesh,jute
122.2,16.03,60.92,31.68,97.15,6.68,24.99,Zaid,Madhya Pradesh,muskmelon
21.24,30.09,34.99,29.97,51.47,5.82,46.42,Annual,Andhra Pradesh,mango
16.94,22.83,18.91,22.62,91.9,6.3,120.75,Annual,Karnataka,orange
90.61,98.96,56.95,24.24,73.88,6.36,105.42,Annual,Kerala,banana
26.35,13.57,41.87,16.35,87.72,6.9,90.67,Annual,Punjab,pomegranate
14.5,19.33,51.24,24.89,97.1,6.47,120.27,Annual,Madhya Pradesh,pomegranate
111.77,40.59,40.32,25.81,78.9,6.39,208.66,Kharif,Kerala,rice
46.51,61.66,28.09,31.82,85.01,7.52,150.31,Annual,Madhya Pradesh,papaya
1.55,9.85,1.93,19.81,92.97,6.43,147.16,Annual,Karnataka,orange
87.62,34.64,23.25,23.54,81.73,6.91,235.21,Kharif,Andhra Pradesh,rice
26.6,126.53,189.95,26.17,83.94,5.8,61.1,Annual,Uttar Pradesh,grapes
25.21,130.31,201.47,23.27,86.35,6.89,72.69,Annual,Andhra Pradesh,grapes
9.73,129.99,204.66,20.41,90.7,6.32,43.11,Annual,Kerala,grapes
29.8,20.96,29.34,22.37,92.68,6.13,76.16,Annual,Madhya Pradesh,pomegranate
104.72,44.82,18.43,23.83,86.17,6.24,120.68,Kharif,West Bengal,cotton
110.03,81.96,52.64,26.25,77.02,6.55,77.5,Annual,Telangana,banana
108.5,13.35,32.41,29.92,59.76,6.83,140.1,Annual,Andhra Pradesh,coffee
111.88,19.23,18.07,26.41,78.81,6.6,74.05,Kharif,Punjab,cotton
68.47,44.78,24.74,24.63,80.01,7.42,208.71,Kharif,Uttar Pradesh,jute
16.42,59.49,20.34,23.32,87.72,6.5,73.1,Kharif,Karnataka,mungbean
77.18,33.79,60.14,26.07,80.84,6.45,149.91,Kharif,Karnataka,jute
0.0,34.18,19.51,28.19,69.84,7.09,51.22,Kharif,Maharashtra,mothbeans
46.69,71.3,9.97,27.14,57.77,7.99,83.59,Kharif,Maharashtra,blackgram
116.86,58.02,16.71,22.55,53.81,5.15,82.08,Kharif,Kerala,maize
38.09,59.65,57.87,30.49,95.15,6.5,130.48,Annual,Karnataka,papaya
16.37,31.64,20.62,27.46,49.78,6.9,61.22,Kharif,Punjab,mothbeans
109.79,44.88,31.49,25.87,61.03,6.88,213.77,Annual,Uttar Pradesh,coffee
25.24,147.06,205.56,20.54,78.5,5.77,67.2,Annual,Kerala,grapes
81.35,84.6,71.23,27.61,83.51,5.76,92.23,Annual,West Bengal,banana
12.39,2.39,34.86,26.87,91.52,5.15,185.82,Annual,Madhya Pradesh,coconut
16.23,124.02,203.23,29.05,79.81,5.99,54.61,Annual,West Bengal,grapes
37.28,16.43,34.99,25.14,96.68,6.35,162.64,Annual,Uttar Pradesh,coconut
12.45,112.86,210.0,25.96,91.27,6.05,120.13,Rabi,Tamil Nadu,apple
18.24,129.05,208.79,25.28,75.72,6.52,84.17,Annual,Uttar Pradesh,grapes
9.58,14.23,55.56,23.14,86.33,6.27,100.3,Annual,West Bengal,pomegranate
111.79,90.08,60.76,24.97,77.18,5.85,141.09,Annual,Kerala,banana
90.61,21.01,36.42,23.93,86.46,6.19,55.12,Zaid,West Bengal,watermelon
110.96,60.67,8.77,19.64,72.3,6.07,86.73,Kharif,Madhya Pradesh,cotton
26.34,45.74,31.23,16.98,21.64,5.16,115.52,Kharif,Karnataka,kidneybeans
30.05,17.51,10.34,17.7,98.88,6.81,125.04,Annual,Kerala,orange
72.65,42.06,29.28,27.14,91.99,5.73,196.5,Kharif,West Bengal,rice
71.48,33.91,25.78,27.91,54.54,6.94,151.86,Annual,Punjab,coffee
35.83,56.08,25.93,30.72,53.72,6.54,31.95,Kharif,Kerala,blackgram
29.24,46.68,10.77,32.61,83.17,6.15,23.57,Kharif,Kerala,mungbean
32.93,150.0,209.93,21.46,88.03,5.97,134.21,Rabi,Andhra Pradesh,apple
33.48,6.13,11.86,17.99,91.61,6.17,112.72,Annual,Madhya Pradesh,orange
100.96,48.57,6.85,23.72,85.48,7.17,55.32,Kharif,West Bengal,cotton
33.35,52.46,73.19,17.52,21.72,7.79,71.9,Rabi,Madhya Pradesh,chickpea
26.7,46.58,11.63,22.95,89.16,6.43,54.96,Kharif,Karnataka,mungbean
103.28,20.05,46.76,27.08,90.28,6.9,56.41,Zaid,Uttar Pradesh,watermelon
106.07,17.56,39.05,27.92,87.43,6.66,33.27,Zaid,Punjab,muskmelon
18.4,64.94,26.94,19.26,47.42,5.59,145.99,Kharif,West Bengal,pigeonpeas
100.95,58.33,27.17,23.32,79.84,6.88,83.64,Kharif,Uttar Pradesh,cotton
23.31,70.54,15.35,28.88,46.18,4.37,135.46,Kharif,Uttar Pradesh,pigeonpeas
7.97,7.54,26.35,28.92,91.56,5.96,181.13,Annual,Punjab,coconut
19.27,68.29,29.16,16.73,51.34,7.06,15.0,Rabi,Punjab,lentil
51.05,68.32,85.5,21.45,21.18,8.44,94.42,Rabi,Andhra Pradesh,chickpea
67.75,28.53,12.48,21.46,53.69,6.18,103.24,Kharif,Tamil Nadu,maize
114.47,25.1,53.31,23.16,82.71,6.61,30.32,Zaid,Madhya Pradesh,watermelon
25.7,0.83,4.16,24.01,94.21,5.98,121.19,Annual,Karnataka,orange
63.55,37.67,29.03,27.9,57.13,7.21,151.83,Annual,Karnataka,coffee
105.01,40.21,9.95,28.97,77.63,6.92,81.67,Kharif,Punjab,cotton
19.08,50.1,17.99,26.4,46.46,6.97,44.63,Kharif,Maharashtra,mothbeans
95.27,21.01,45.06,30.35,93.15,6.17,47.56,Zaid,Karnataka,watermelon
20.61,44.11,23.85,26.24,85.73,5.98,66.31,Kharif,Uttar Pradesh,mungbean
58.48,48.97,39.36,36.12,92.43,6.12,166.39,Annual,Tamil Nadu,papaya
101.1,20.2,56.26,22.83,79.71,7.05,25.38,Zaid,Uttar Pradesh,watermelon
93.82,46.55,25.96,22.92,55.57,5.67,44.11,Kharif,Telangana,maize
113.66,13.92,59.53,25.41,83.54,6.03,54.52,Zaid,Punjab,watermelon
64.7,16.21,54.7,30.22,88.48,6.29,34.77,Zaid,Kerala,muskmelon
11.69,70.02,29.07,16.98,62.86,6.25,39.17,Rabi,Karnataka,lentil
14.39,69.18,17.88,18.98,17.23,5.36,126.04,Kharif,Punjab,kidneybeans
0.0,59.72,29.84,33.66,84.91,6.05,43.71,Kharif,West Bengal,mungbean
104.44,46.21,9.7,24.03,79.42,7.2,115.56,Kharif,West Bengal,cotton
50.33,37.38,20.45,18.86,62.72,6.13,31.1,Kharif,Tamil Nadu,maize
23.06,33.58,20.12,29.72,89.54,6.32,50.27,Kharif,Karnataka,mungbean
21.76,35.29,28.82,25.38,55.38,5.37,88.29,Annual,Kerala,mango
5.01,51.02,15.89,25.51,78.42,7.25,50.35,Rabi,Madhya Pradesh,lentil
126.76,12.17,56.66,19.27,89.15,5.92,35.24,Zaid,Punjab,watermelon
26.13,62.13,16.97,15.12,29.45,4.53,120.96,Kharif,Madhya Pradesh,kidneybeans
16.3,18.29,29.06,16.97,84.0,6.72,98.24,Annual,Madhya Pradesh,pomegranate
30.81,61.44,26.02,25.06,74.07,7.24,51.67,Kharif,Kerala,mungbean
14.87,26.6,22.4,27.84,32.98,4.93,134.71,Annual,Tamil Nadu,mango
110.09,22.52,9.17,25.91,79.49,6.69,30.09,Kharif,Karnataka,cotton
22.5,70.7,14.46,20.17,18.72,5.66,117.22,Kharif,Madhya Pradesh,kidneybeans
109.77,6.1,30.85,28.12,61.11,6.64,153.47,Annual,Telangana,coffee
17.55,100.05,178.81,21.03,76.54,6.12,82.17,Annual,Karnataka,grapes
141.45,37.2,45.59,30.31,75.72,6.68,133.04,Annual,Kerala,coffee
11.79,65.47,6.24,19.88,49.76,6.98,24.73,Rabi,Andhra Pradesh,lentil
44.93,50.25,9.58,27.41,80.13,6.5,43.96,Kharif,Andhra Pradesh,mungbean
27.23,52.41,19.98,31.08,52.19,5.87,182.85,Kharif,Kerala,pigeonpeas
85.1,11.09,53.81,23.27,81.2,6.6,73.24,Zaid,Uttar Pradesh,watermelon
28.67,35.43,20.19,23.86,51.19,7.22,43.48,Kharif,Telangana,mothbeans
41.78,71.47,69.0,20.26,19.52,7.71,58.89,Rabi,Telangana,chickpea
16.58,27.32,22.69,31.25,50.53,5.29,106.36,Annual,Kerala,mango
111.11,26.76,42.44,24.48,82.89,6.27,25.76,Zaid,West Bengal,watermelon
114.38,21.13,43.88,20.05,80.37,6.23,38.77,Zaid,West Bengal,watermelon
12.74,19.62,2.25,23.44,83.05,7.24,107.18,Annual,Maharashtra,orange
84.05,40.75,42.23,24.45,80.12,6.96,162.49,Kharif,Telangana,jute
62.84,59.66,69.95,36.85,88.59,6.83,106.32,Annual,West Bengal,papaya
107.67,11.4,61.92,20.83,76.84,6.45,37.36,Zaid,Uttar Pradesh,watermelon
26.83,23.68,36.53,33.81,52.2,6.9,60.51,Annual,Kerala,mango
111.62,53.76,22.89,27.97,79.72,6.04,78.65,Kharif,West Bengal,cotton
30.47,28.18,29.2,26.57,94.42,4.94,182.01,Annual,Madhya Pradesh,coconut
20.6,57.45,16.72,19.91,56.06,6.98,41.81,Rabi,Tamil Nadu,lentil
67.8,34.6,18.59,24.36,67.84,6.64,77.64,Kharif,Tamil Nadu,maize
111.89,89.67,29.16,24.62,86.95,7.56,134.87,Annual,Andhra Pradesh,banana
32.38,64.01,30.16,16.4,22.47,5.77,71.05,Kharif,Maharashtra,kidneybeans
14.35,73.69,19.77,17.78,64.34,7.7,38.35,Rabi,West Bengal,lentil
13.73,38.94,27.56,30.67,56.2,4.87,96.05,Annual,Madhya Pradesh,mango
113.04,32.27,25.77,28.72,63.26,6.95,157.29,Annual,Tamil Nadu,coffee
28.46,12.36,6.03,16.93,83.92,6.33,107.85,Annual,Telangana,orange
101.81,7.06,45.03,31.07,91.16,6.15,18.72,Zaid,Karnataka,muskmelon
26.02,127.01,179.34,23.09,89.23,5.66,109.14,Rabi,Kerala,apple
35.24,14.89,13.62,28.61,56.51,4.9,106.94,Annual,Andhra Pradesh,mango
25.09,27.01,16.98,22.04,94.91,6.7,112.98,Annual,Madhya Pradesh,orange
18.12,15.98,22.65,25.02,88.71,6.65,118.58,Annual,Andhra Pradesh,pomegranate
32.88,71.78,88.28,14.53,11.11,6.94,67.85,Rabi,Tamil Nadu,chickpea
9.97,68.04,27.16,18.82,34.43,6.51,98.85,Kharif,Telangana,kidneybeans
28.94,72.46,19.97,27.56,61.9,6.8,94.76,Kharif,Kerala,blackgram
25.66,16.31,15.03,19.07,96.0,6.6,133.95,Annual,Uttar Pradesh,orange
16.43,26.56,30.25,26.75,92.07,5.74,158.97,Annual,Telangana,coconut
31.18,18.61,27.07,35.2,51.35,6.84,89.62,Annual,Telangana,mango
68.94,48.31,36.97,23.55,86.35,6.79,300.0,Kharif,Uttar Pradesh,rice
93.28,53.71,42.24,27.04,82.34,6.32,255.25,Kharif,Telangana,rice
144.32,46.92,10.91,25.92,77.17,6.85,87.4,Kharif,Kerala,cotton
44.18,63.39,72.7,16.89,33.03,7.17,45.86,Rabi,Punjab,chickpea
25.41,19.16,20.51,30.25,61.98,5.78,89.49,Annual,Madhya Pradesh,mango
80.32,62.74,5.89,20.4,81.5,7.21,74.33,Kharif,Punjab,cotton
99.1,4.77,62.38,27.36,96.36,5.84,23.79,Zaid,Maharashtra,muskmelon
92.46,22.18,41.2,21.8,92.83,6.55,23.9,Zaid,Andhra Pradesh,muskmelon
17.65,35.28,31.23,32.52,53.23,6.32,109.43,Annual,Tamil Nadu,mango
18.59,27.34,16.53,21.09,89.68,5.71,118.44,Annual,Punjab,pomegranate
9.24,62.29,22.43,14.59,14.85,5.75,115.07,Kharif,Telangana,kidneybeans
18.38,150.0,210.0,22.47,89.6,6.42,71.55,Rabi,Uttar Pradesh,apple
14.19,144.21,180.35,21.99,78.69,6.48,60.88,Annual,Tamil Nadu,grapes
88.11,22.06,52.34,22.32,60.96,7.03,153.64,Annual,Telangana,coffee
118.37,38.61,20.72,29.15,81.27,7.43,80.58,Kharif,Andhra Pradesh,cotton
93.61,18.82,48.75,30.67,92.88,6.05,28.22,Zaid,Punjab,muskmelon
29.26,62.79,9.83,14.75,23.37,6.72,112.87,Kharif,Uttar Pradesh,kidneybeans
51.4,79.49,76.05,19.14,20.99,7.01,86.77,Rabi,Karnataka,chickpea
87.5,53.17,46.25,28.76,79.39,6.03,210.84,Kharif,Uttar Pradesh,rice
19.15,140.05,207.61,23.04,94.23,5.56,93.72,Rabi,Uttar Pradesh,apple
14.28,19.0,27.88,28.81,95.14,6.41,163.36,Annual,West Bengal,coconut
37.23,56.72,31.34,29.14,73.73,6.76,91.1,Kharif,Uttar Pradesh,blackgram
20.09,120.09,197.3,28.45,73.43,6.14,90.7,Annual,Tamil Nadu,grapes
21.69,68.65,23.77,18.71,72.48,5.54,47.85,Rabi,Madhya Pradesh,lentil
125.3,16.07,49.61,28.87,89.39,6.67,41.26,Zaid,Karnataka,watermelon
20.18,36.18,52.43,33.75,51.65,5.92,100.12,Annual,Punjab,mango
11.33,140.75,205.83,28.25,79.63,5.43,34.71,Annual,Andhra Pradesh,grapes
103.65,83.16,45.07,26.74,76.08,5.9,106.45,Annual,Tamil Nadu,banana
22.32,150.0,192.24,28.01,84.81,5.72,63.63,Annual,Andhra Pradesh,grapes
24.81,76.11,4.18,32.42,51.92,6.31,161.61,Kharif,Maharashtra,pigeonpeas
33.61,24.44,23.72,26.1,95.51,6.11,159.15,Annual,Tamil Nadu,coconut
51.79,54.23,68.09,19.21,21.96,6.63,41.64,Rabi,Andhra Pradesh,chickpea
91.57,20.35,49.94,21.35,80.05,6.24,63.93,Zaid,Kerala,watermelon
24.9,71.21,38.66,38.34,96.59,6.61,156.48,Annual,Maharashtra,papaya
36.33,46.18,59.04,29.17,91.53,7.77,156.49,Annual,Tamil Nadu,papaya
23.1,126.6,203.1,23.29,99.11,6.07,99.63,Rabi,Tamil Nadu,apple
37.04,61.15,15.07,31.78,49.78,6.11,70.05,Kharif,Tamil Nadu,blackgram
81.7,28.51,57.7,33.39,100.0,5.89,15.0,Zaid,Tamil Nadu,muskmelon
19.0,150.0,188.99,25.37,86.32,6.41,50.03,Annual,West Bengal,grapes
63.61,47.72,47.67,25.04,75.74,6.89,200.88,Kharif,West Bengal,jute
93.17,53.63,32.87,24.31,87.73,6.83,179.52,Kharif,Kerala,jute
20.64,30.21,33.91,31.76,44.77,5.42,72.33,Annual,Maharashtra,mango
17.66,48.9,14.29,20.55,67.56,7.2,53.26,Rabi,West Bengal,lentil
67.37,47.03,54.38,25.3,75.68,7.57,219.06,Kharif,Kerala,jute
13.63,52.43,24.67,19.8,15.58,5.67,67.84,Kharif,West Bengal,kidneybeans
10.89,51.0,20.12,29.04,82.4,7.39,48.45,Kharif,Telangana,mungbean
105.78,9.36,52.78,31.2,98.92,6.5,35.6,Zaid,Kerala,muskmelon
40.47,67.49,3.91,27.21,68.69,7.2,37.69,Kharif,Punjab,blackgram
38.82,72.85,13.88,17.12,65.01,6.58,36.63,Rabi,Telangana,lentil
107.7,23.0,47.33,29.81,91.41,6.22,43.97,Zaid,Madhya Pradesh,muskmelon
93.92,33.88,51.91,25.79,84.4,5.5,267.1,Kharif,Andhra Pradesh,rice
15.15,57.51,34.21,25.45,84.03,6.89,37.14,Kharif,Telangana,mungbean
86.15,61.88,52.38,22.83,83.2,6.81,170.15,Kharif,West Bengal,jute
21.18,43.39,9.26,30.01,82.18,6.5,43.06,Kharif,West Bengal,mungbean
23.32,63.41,21.17,15.92,61.51,6.74,26.3,Rabi,Kerala,lentil
62.26,80.23,35.84,29.35,94.47,6.87,176.24,Annual,West Bengal,papaya
9.04,10.61,55.47,21.87,87.68,6.34,126.72,Annual,Kerala,pomegranate
32.56,83.38,35.56,20.86,66.83,6.21,49.62,Rabi,West Bengal,lentil
102.0,23.87,36.3,20.28,85.14,6.66,66.42,Zaid,Maharashtra,watermelon
92.29,59.71,14.33,24.29,82.88,6.32,215.12,Kharif,Maharashtra,rice
12.21,16.06,44.68,18.71,83.37,5.63,96.64,Annual,Madhya Pradesh,pomegranate
95.25,20.36,68.49,23.71,90.06,6.04,15.0,Zaid,Kerala,muskmelon
91.94,35.53,19.6,23.54,56.31,6.43,101.26,Kharif,Andhra Pradesh,maize
17.43,38.95,41.82,22.35,87.18,6.91,120.21,Annual,Andhra Pradesh,pomegranate
20.6,82.11,26.5,23.05,54.78,6.12,125.82,Kharif,Tamil Nadu,pigeonpeas
115.52,45.66,22.84,20.91,70.17,6.99,90.53,Kharif,Kerala,cotton
132.25,36.56,15.96,22.16,76.83,6.17,68.61,Kharif,Kerala,cotton
32.83,18.1,37.94,30.18,49.07,5.58,100.11,Annual,Maharashtra,mango
78.14,109.91,50.85,28.5,77.3,5.64,152.82,Annual,Andhra Pradesh,banana
95.42,1.49,45.73,24.86,97.13,6.56,35.15,Zaid,Tamil Nadu,muskmelon
26.03,50.24,11.59,20.01,56.66,5.93,165.16,Kharif,Maharashtra,pigeonpeas
89.8,59.8,42.09,25.77,75.93,7.11,206.59,Kharif,Tamil Nadu,jute
140.35,75.18,17.99,22.25,75.05,5.79,104.96,Kharif,Andhra Pradesh,cotton
105.03,82.68,70.77,20.66,81.89,5.61,46.1,Annual,Andhra Pradesh,banana
17.3,82.88,19.69,19.4,62.8,6.64,36.79,Rabi,Maharashtra,lentil
79.65,35.07,53.49,22.95,81.76,6.29,161.67,Kharif,Madhya Pradesh,jute
25.7,19.12,34.27,18.88,91.64,6.36,77.49,Annual,Tamil Nadu,pomegranate
21.21,59.35,20.23,17.25,10.0,6.36,103.38,Kharif,Andhra Pradesh,kidneybeans
35.89,66.08,91.95,17.58,10.0,6.34,49.81,Rabi,Andhra Pradesh,chickpea
118.19,30.12,34.11,23.9,86.26,6.92,29.17,Zaid,Kerala,muskmelon
16.82,50.48,34.18,29.74,37.82,6.11,44.02,Kharif,Andhra Pradesh,mothbeans
37.18,75.98,18.96,27.52,73.08,7.65,63.26,Kharif,Tamil Nadu,blackgram
13.83,44.65,8.59,26.25,50.2,6.79,57.2,Kharif,Kerala,mothbeans
19.37,110.81,195.71,26.18,80.67,5.56,47.15,Annual,Madhya Pradesh,grapes
77.89,55.32,28.06,22.97,69.0,7.07,134.01,Kharif,Tamil Nadu,maize
17.6,150.0,210.0,21.5,77.39,5.91,65.02,Annual,Kerala,grapes
106.19,13.46,56.53,28.2,90.51,6.05,70.79,Zaid,Madhya Pradesh,watermelon
101.7,56.59,23.9,29.4,82.5,6.7,70.18,Kharif,Telangana,cotton
91.04,46.6,50.76,22.46,83.67,6.19,242.56,Kharif,Tamil Nadu,rice
18.49,53.07,25.87,31.44,44.59,7.34,77.7,Kharif,Kerala,mothbeans
30.14,143.46,210.0,23.71,92.94,6.34,161.72,Rabi,West Bengal,apple
83.91,35.25,45.05,21.72,59.43,6.62,177.08,Annual,Kerala,coffee
96.19,13.66,54.21,29.19,84.49,7.09,55.6,Zaid,Maharashtra,watermelon
108.0,86.97,47.73,28.7,72.56,5.97,93.43,Annual,Maharashtra,banana
15.6,50.67,22.61,37.32,55.99,5.19,99.64,Annual,Maharashtra,mango
9.92,50.92,20.91,29.13,87.36,6.23,35.37,Kharif,West Bengal,mungbean
33.28,7.38,47.91,29.69,98.47,6.17,122.19,Annual,Karnataka,coconut
112.8,79.11,35.84,25.96,82.85,5.98,107.73,Annual,Punjab,banana
92.97,30.76,23.97,19.81,74.63,6.85,71.76,Kharif,Maharashtra,cotton
20.84,22.36,3.13,21.42,86.89,6.3,139.64,Annual,Telangana,orange
38.51,44.78,23.24,23.91,66.19,6.49,57.26,Kharif,Tamil Nadu,blackgram
80.06,46.38,47.6,25.69,84.65,5.92,222.82,Kharif,West Bengal,rice
105.09,30.52,27.82,24.72,47.99,7.35,146.57,Annual,Tamil Nadu,coffee
58.28,94.63,43.16,41.77,93.96,6.4,125.11,Annual,Maharashtra,papaya
24.62,27.73,19.78,35.41,58.72,6.49,99.74,Annual,West Bengal,mango
90.99,22.81,16.77,20.55,73.35,5.42,125.11,Kharif,Punjab,maize
12.44,81.22,34.6,14.35,19.02,5.82,140.62,Kharif,Andhra Pradesh,kidneybeans
0.0,51.74,35.35,22.01,68.19,5.41,64.07,Kharif,Tamil Nadu,mothbeans
82.38,14.13,43.57,18.23,90.61,6.04,22.9,Zaid,Maharashtra,muskmelon
91.43,51.76,21.54,28.53,44.25,6.9,94.38,Kharif,Punjab,maize
0.0,44.33,36.67,31.98,34.53,6.64,31.98,Kharif,Uttar Pradesh,mothbeans
95.32,28.7,42.72,23.21,81.92,6.29,49.83,Zaid,Kerala,watermelon
84.88,33.4,39.36,26.82,56.34,6.02,192.04,Annual,West Bengal,coffee
28.47,6.23,15.97,24.79,89.36,5.61,88.57,Annual,Karnataka,orange
10.48,15.84,25.57,19.78,88.5,7.05,107.85,Annual,Telangana,pomegranate
16.84,23.59,27.37,25.78,91.26,5.7,196.88,Annual,Karnataka,coconut
40.59,77.34,17.88,17.16,64.66,6.97,38.71,Rabi,Punjab,lentil
17.8,16.86,27.49,25.47,88.56,5.62,151.02,Annual,Uttar Pradesh,coconut
116.64,34.69,25.33,28.63,50.67,6.5,151.8,Annual,Uttar Pradesh,coffee
109.75,89.61,50.24,27.48,81.16,6.03,115.62,Annual,Uttar Pradesh,banana
18.14,144.24,199.57,24.53,92.18,5.91,100.45,Rabi,Maharashtra,apple
68.75,101.07,47.55,30.74,69.83,6.0,90.91,Annual,Telangana,banana
111.25,20.52,54.13,25.83,87.04,6.69,28.93,Zaid,Andhra Pradesh,watermelon
29.63,50.85,19.57,31.33,78.38,6.96,51.75,Kharif,Punjab,mothbeans
57.99,47.86,55.58,23.45,80.33,6.77,198.55,Kharif,Karnataka,jute
70.19,35.99,37.16,23.46,84.96,6.45,177.39,Kharif,Andhra Pradesh,jute
37.19,78.6,33.31,26.75,62.89,7.28,77.3,Kharif,Maharashtra,blackgram
116.35,49.82,32.92,20.38,85.71,6.72,105.39,Kharif,Kerala,cotton
47.38,58.61,13.64,33.08,52.82,7.73,89.81,Kharif,Karnataka,blackgram
19.45,150.0,197.04,17.82,85.11,5.22,103.72,Rabi,Kerala,apple
20.3,9.76,22.07,28.09,91.86,6.23,173.72,Annual,Madhya Pradesh,coconut
35.93,56.72,24.55,21.61,71.07,6.72,64.19,Rabi,Andhra Pradesh,lentil
39.3,126.12,210.0,26.34,94.02,5.13,112.62,Rabi,Karnataka,apple
97.5,33.05,41.4,24.51,47.3,7.37,175.72,Annual,Kerala,coffee
31.52,48.9,17.59,26.09,49.97,7.07,37.89,Kharif,Karnataka,mothbeans
93.4,22.33,60.28,27.03,79.79,6.54,36.33,Zaid,Tamil Nadu,watermelon
20.49,26.74,52.69,23.45,87.82,6.65,114.98,Annual,Tamil Nadu,pomegranate
91.7,10.91,42.12,30.03,82.24,5.65,32.51,Zaid,Punjab,watermelon
80.25,11.13,57.08,30.53,92.37,6.99,30.08,Zaid,West Bengal,muskmelon
23.28,110.21,201.57,16.26,95.22,5.62,87.54,Rabi,Madhya Pradesh,apple
28.44,142.4,206.79,22.88,90.11,5.78,116.96,Rabi,Karnataka,apple
38.27,71.87,16.18,27.4,54.24,6.81,87.66,Kharif,Telangana,blackgram
14.45,47.4,17.6,24.62,85.89,6.49,35.71,Kharif,Uttar Pradesh,mungbean
88.96,31.2,35.38,27.9,60.01,7.25,189.65,Annual,Maharashtra,coffee
96.76,12.01,49.65,23.25,97.17,6.4,44.39,Zaid,Tamil Nadu,watermelon
63.0,63.92,98.54,19.22,18.56,6.64,66.06,Rabi,Tamil Nadu,chickpea
34.17,75.51,2.38,13.46,20.21,5.56,78.51,Kharif,Andhra Pradesh,kidneybeans
29.92,33.91,19.64,27.49,86.9,7.32,30.06,Kharif,Tamil Nadu,mungbean
28.87,57.57,24.72,24.36,29.54,5.86,135.87,Kharif,Tamil Nadu,pigeonpeas
39.37,72.39,62.57,18.2,26.06,6.76,92.4,Rabi,Andhra Pradesh,chickpea
11.4,32.98,27.81,29.09,47.4,5.88,96.46,Annual,Telangana,mango
53.89,40.17,19.03,22.13,79.09,6.37,103.15,Kharif,Madhya Pradesh,maize
91.66,40.92,26.02,20.37,85.27,6.09,206.16,Kharif,Kerala,rice
33.68,72.39,52.07,12.56,15.32,8.07,66.29,Rabi,Maharashtra,chickpea
18.31,14.18,38.12,27.79,93.65,6.57,193.45,Annual,Tamil Nadu,coconut
124.45,61.81,11.29,30.29,79.97,5.92,48.78,Kharif,West Bengal,cotton
58.32,69.65,17.41,31.87,70.62,7.76,60.06,Kharif,Andhra Pradesh,blackgram
8.5,16.28,48.39,15.43,88.56,6.14,136.62,Annual,Maharashtra,pomegranate
77.11,48.69,30.41,27.64,81.75,6.13,202.76,Kharif,Karnataka,rice
7.51,26.08,38.16,26.86,52.18,6.09,58.27,Annual,West Bengal,mango
21.97,64.66,19.58,19.84,17.75,5.33,165.48,Kharif,Andhra Pradesh,kidneybeans
17.24,9.73,11.44,21.87,89.13,6.46,109.34,Annual,Kerala,orange
23.78,72.37,87.57,21.92,19.45,7.14,90.75,Rabi,West Bengal,chickpea
33.16,19.15,32.08,15.51,83.11,6.13,92.33,Annual,Kerala,pomegranate
27.72,145.41,210.0,29.32,92.62,6.49,59.96,Annual,Andhra Pradesh,grapes
28.37,46.7,12.16,23.95,83.85,6.32,53.08,Kharif,Karnataka,mungbean
80.47,37.48,13.71,22.84,64.59,5.72,64.84,Kharif,Madhya Pradesh,maize
40.07,58.58,62.45,23.12,21.52,7.72,44.19,Rabi,Telangana,chickpea
45.89,40.0,52.58,37.14,94.33,6.27,172.44,Annual,Kerala,papaya
21.28,25.37,18.55,26.82,54.39,5.84,97.11,Annual,Punjab,mango
13.87,30.76,40.45,21.15,90.4,6.43,52.4,Annual,Karnataka,pomegranate
40.97,42.05,16.18,29.23,59.05,6.43,75.08,Kharif,Kerala,maize
25.92,58.41,16.5,29.15,40.86,5.41,185.89,Kharif,Uttar Pradesh,pigeonpeas
112.6,29.95,50.12,26.16,62.81,7.0,128.54,Annual,West Bengal,coffee
66.81,46.74,26.88,30.24,55.99,5.99,103.68,Kharif,West Bengal,maize
65.61,42.44,46.65,26.47,81.18,6.58,162.67,Kharif,Karnataka,jute
31.05,85.12,25.74,14.43,23.94,6.23,119.51,Kharif,Madhya Pradesh,kidneybeans
23.17,10.87,38.19,26.97,98.05,5.73,134.89,Annual,Andhra Pradesh,coconut
24.52,20.36,0.0,22.76,85.02,6.26,107.84,Annual,Karnataka,orange
9.02,52.77,25.69,33.44,46.14,6.91,30.66,Kharif,Andhra Pradesh,mothbeans
90.6,51.33,35.55,23.35,59.64,7.05,169.82,Annual,Uttar Pradesh,coffee
6.63,122.77,204.32,28.46,82.0,6.58,83.02,Annual,Andhra Pradesh,grapes
19.85,126.17,203.62,24.72,96.75,6.46,85.7,Rabi,Kerala,apple
60.53,45.88,31.67,25.18,76.25,6.22,118.43,Kharif,Telangana,jute
82.3,34.22,29.02,25.57,82.04,6.26,184.81,Kharif,Andhra Pradesh,jute
124.69,30.62,43.44,29.74,53.31,6.91,144.38,Annual,Madhya Pradesh,coffee
40.73,56.12,29.89,27.24,76.36,7.8,70.84,Kharif,Uttar Pradesh,blackgram
28.81,123.27,192.95,21.93,81.31,5.5,36.35,Annual,Karnataka,grapes
33.97,116.78,210.0,20.07,91.04,5.88,144.88,Rabi,Andhra Pradesh,apple
83.53,48.72,15.51,21.54,53.45,5.57,39.29,Kharif,Maharashtra,maize
49.37,55.59,101.91,15.46,24.97,6.97,115.26,Rabi,Punjab,chickpea
20.62,60.55,28.21,17.94,16.09,4.94,96.17,Kharif,West Bengal,kidneybeans
28.66,53.08,17.37,33.84,73.43,6.28,90.27,Kharif,West Bengal,blackgram
26.79,63.08,8.72,28.82,50.17,5.69,148.88,Kharif,Karnataka,pigeonpeas
37.3,70.03,95.09,24.56,17.07,6.11,85.33,Rabi,Madhya Pradesh,chickpea
14.41,17.55,18.03,24.43,96.3,6.43,139.9,Annual,West Bengal,orange
6.22,53.19,11.31,32.48,71.21,6.68,56.58,Kharif,Tamil Nadu,mothbeans
33.69,50.98,20.13,30.68,68.24,6.84,74.47,Kharif,Andhra Pradesh,blackgram
29.26,26.33,63.97,20.78,88.96,5.75,118.93,Annual,Uttar Pradesh,pomegranate
87.7,25.79,29.61,27.12,51.19,7.19,140.51,Annual,Uttar Pradesh,coffee
68.31,45.72,34.71,25.7,82.11,6.84,220.43,Kharif,Tamil Nadu,rice
132.55,32.54,56.5,27.2,91.72,6.56,20.8,Zaid,Madhya Pradesh,muskmelon
24.68,79.11,5.9,31.75,44.88,6.17,110.3,Kharif,Tamil Nadu,pigeonpeas
7.34,16.14,71.26,21.05,87.03,5.9,140.44,Annual,Uttar Pradesh,pomegranate
119.29,32.64,19.05,25.11,87.31,7.02,63.67,Kharif,Andhra Pradesh,cotton
25.34,45.03,20.42,29.67,75.71,7.34,44.76,Kharif,Kerala,mungbean
23.8,113.53,206.52,26.79,91.25,6.32,95.21,Rabi,Kerala,apple
116.27,94.99,65.09,28.13,77.57,5.94,114.5,Annual,Punjab,banana
39.13,23.58,38.06,28.18,93.03,5.86,199.11,Annual,Karnataka,coconut
25.8,129.06,196.48,30.47,80.37,6.53,46.18,Annual,Telangana,grapes
92.44,69.02,56.93,28.98,73.53,5.78,151.4,Annual,Madhya Pradesh,banana
47.07,75.17,42.43,33.96,89.11,7.71,202.72,Annual,Maharashtra,papaya
41.62,77.47,66.97,20.7,24.74,6.43,78.59,Rabi,Kerala,chickpea
24.26,53.21,30.97,27.69,74.38,6.73,53.01,Kharif,Telangana,mungbean
76.19,36.22,27.33,17.07,69.9,5.91,94.42,Kharif,Tamil Nadu,maize
24.85,33.2,12.99,27.39,81.37,6.17,21.92,Kharif,West Bengal,mungbean
14.24,28.33,9.29,18.98,92.59,5.88,120.29,Annual,Punjab,orange
50.8,50.91,0.0,28.78,73.98,7.9,56.94,Kharif,Uttar Pradesh,blackgram
112.39,11.75,35.3,32.58,87.0,6.58,16.2,Zaid,Maharashtra,muskmelon
104.08,17.55,36.09,18.55,83.13,6.72,44.56,Zaid,Uttar Pradesh,watermelon
34.08,62.29,10.73,30.45,61.91,6.76,77.48,Kharif,Uttar Pradesh,blackgram
16.12,17.82,6.27,19.19,92.69,6.04,126.01,Annual,Maharashtra,orange
77.26,45.76,8.72,28.73,60.41,6.0,72.71,Kharif,Kerala,maize
22.51,50.61,0.0,22.82,43.28,5.5,195.59,Kharif,Tamil Nadu,pigeonpeas
16.49,129.43,190.04,22.12,91.59,5.45,103.51,Rabi,Telangana,apple
49.69,78.9,23.65,27.95,71.14,7.51,67.14,Kharif,Uttar Pradesh,blackgram
43.13,82.65,29.87,30.39,55.48,6.84,99.01,Kharif,Andhra Pradesh,blackgram
60.87,59.11,83.18,30.24,93.78,7.22,171.64,Annual,Telangana,papaya
16.26,14.15,15.46,19.58,91.64,5.79,116.41,Annual,Punjab,orange
17.12,68.96,29.44,34.56,55.43,5.82,148.38,Kharif,Telangana,pigeonpeas
90.13,90.69,30.72,29.67,80.2,5.81,63.93,Annual,Andhra Pradesh,banana
28.61,18.42,19.24,21.08,92.49,6.33,101.38,Annual,West Bengal,pomegranate
59.66,46.43,76.82,18.15,10.0,7.83,69.59,Rabi,Madhya Pradesh,chickpea
14.04,58.74,13.11,26.73,87.62,6.14,48.36,Kharif,Maharashtra,mungbean
15.78,50.37,17.78,28.1,88.48,7.24,45.35,Kharif,Madhya Pradesh,mungbean
35.36,70.59,67.87,26.02,13.03,7.55,96.32,Rabi,Karnataka,chickpea
6.73,150.0,177.51,26.75,94.68,5.87,120.84,Rabi,Karnataka,apple
15.52,150.0,193.99,16.32,91.1,6.09,118.84,Rabi,Madhya Pradesh,apple
2.73,64.55,11.84,18.3,14.53,6.01,105.39,Kharif,Kerala,kidneybeans
103.89,11.46,38.41,27.19,96.47,6.07,18.37,Zaid,West Bengal,muskmelon
28.15,53.74,14.6,24.64,47.24,5.96,164.51,Kharif,Punjab,pigeonpeas
4.47,41.19,28.08,23.65,55.29,6.83,75.72,Kharif,Telangana,mothbeans
98.48,11.56,64.25,26.13,81.42,6.39,52.0,Zaid,Punjab,watermelon
120.09,6.8,61.56,32.86,91.11,6.26,35.33,Zaid,Telangana,muskmelon
6.55,66.35,32.68,23.96,48.02,5.15,198.82,Kharif,Andhra Pradesh,pigeonpeas
11.35,15.76,18.36,18.06,88.58,6.74,111.55,Annual,West Bengal,orange
90.78,42.26,36.63,26.86,83.7,6.33,246.39,Kharif,West Bengal,rice
14.56,49.11,48.57,32.61,100.0,6.56,169.76,Annual,West Bengal,papaya
16.08,43.25,22.15,29.9,53.75,6.01,139.54,Kharif,Madhya Pradesh,pigeonpeas
52.32,71.64,82.99,24.03,19.91,7.91,93.39,Rabi,Tamil Nadu,chickpea
6.09,144.81,210.0,23.34,87.5,5.99,93.99,Annual,Uttar Pradesh,grapes
49.12,56.34,82.69,14.91,13.13,6.96,92.97,Rabi,West Bengal,chickpea
21.26,6.18,4.08,24.24,86.55,5.87,110.18,Annual,Kerala,orange
35.21,71.8,22.52,24.81,69.15,6.39,79.42,Kharif,Maharashtra,blackgram
96.52,44.43,27.52,24.68,77.79,6.95,82.07,Kharif,Tamil Nadu,cotton
30.64,150.0,202.98,23.57,68.7,5.36,64.09,Annual,Madhya Pradesh,grapes
18.41,150.0,177.62,24.85,92.47,5.49,151.04,Rabi,Uttar Pradesh,apple
111.56,47.75,21.42,24.76,86.03,6.3,43.77,Kharif,Kerala,cotton
26.07,80.96,4.55,28.01,54.95,5.04,130.35,Kharif,Punjab,pigeonpeas
40.41,36.21,19.48,29.04,86.34,6.61,47.23,Kharif,Madhya Pradesh,mungbean
101.17,24.37,54.04,31.23,96.18,6.48,28.76,Zaid,Uttar Pradesh,muskmelon
25.75,10.22,21.65,23.82,92.99,5.83,194.92,Annual,Karnataka,coconut
142.17,49.75,12.64,17.84,82.95,7.25,75.68,Kharif,Andhra Pradesh,cotton
108.58,99.38,57.74,30.38,89.29,5.61,85.07,Annual,Andhra Pradesh,banana
34.38,122.25,203.08,18.17,99.39,5.24,83.19,Rabi,West Bengal,apple
66.67,52.17,52.98,25.6,75.79,6.39,209.02,Kharif,Andhra Pradesh,jute
27.67,118.6,210.0,29.56,82.97,6.17,51.03,Annual,Tamil Nadu,grapes
93.06,92.48,52.36,31.68,83.75,6.11,152.07,Annual,Telangana,banana
85.39,52.43,38.49,27.18,78.97,6.56,211.04,Kharif,Tamil Nadu,jute
16.32,16.36,46.88,24.84,100.0,5.75,155.83,Annual,Tamil Nadu,coconut
45.4,58.22,24.35,28.34,66.9,6.71,82.97,Kharif,Karnataka,blackgram
27.8,80.72,26.99,21.24,25.4,5.93,106.79,Kharif,Tamil Nadu,kidneybeans
99.33,66.75,50.75,21.32,77.09,5.67,112.17,Annual,Tamil Nadu,banana
20.89,88.15,15.0,22.84,59.13,7.45,63.5,Rabi,Uttar Pradesh,lentil
80.59,6.06,40.54,23.39,86.13,6.01,37.33,Zaid,Punjab,muskmelon
131.39,32.53,16.67,27.12,51.93,6.8,140.28,Annual,Punjab,coffee
46.55,59.46,53.95,28.74,94.64,6.37,160.22,Annual,Tamil Nadu,papaya
76.41,67.62,42.55,30.92,81.13,5.8,85.18,Annual,Uttar Pradesh,banana
33.01,28.49,20.9,25.55,55.5,5.27,112.34,Annual,Andhra Pradesh,mango
41.04,65.43,22.07,33.01,55.56,6.93,80.0,Kharif,Uttar Pradesh,blackgram
15.83,61.83,13.94,26.36,66.89,6.49,160.63,Kharif,Kerala,pigeonpeas
91.64,24.24,53.89,26.82,82.72,6.19,51.35,Zaid,Kerala,watermelon
96.94,43.95,14.25,20.49,79.82,6.16,82.51,Kharif,Tamil Nadu,cotton
34.58,78.78,86.51,20.98,17.87,7.21,95.91,Rabi,Uttar Pradesh,chickpea
82.93,37.82,16.93,25.15,60.98,6.08,86.96,Kharif,Kerala,maize
105.83,98.69,40.64,27.27,84.79,5.59,104.61,Annual,Telangana,banana
32.32,74.05,37.13,17.93,51.94,7.43,17.42,Rabi,Uttar Pradesh,lentil
20.82,0.0,10.03,26.36,94.84,5.81,153.4,Annual,Karnataka,coconut
35.37,70.86,55.71,31.13,92.73,6.93,146.18,Annual,West Bengal,papaya
88.49,53.8,43.7,24.63,82.05,6.48,148.27,Kharif,Uttar Pradesh,jute
3.94,148.14,187.13,27.9,76.19,5.97,57.85,Annual,Uttar Pradesh,grapes
86.5,85.21,53.14,26.5,92.11,5.84,98.02,Annual,Telangana,banana
24.77,0.0,24.35,27.8,94.5,5.68,174.04,Annual,Andhra Pradesh,coconut
34.77,25.4,11.36,19.83,89.19,6.61,112.86,Annual,Karnataka,orange
109.13,34.32,21.22,22.52,77.91,6.33,59.77,Kharif,Andhra Pradesh,cotton
39.57,58.05,14.23,27.18,50.86,6.87,39.48,Kharif,Uttar Pradesh,mothbeans
110.33,12.72,54.09,28.77,90.69,6.27,27.67,Zaid,Punjab,watermelon
39.42,64.18,19.28,27.9,66.12,6.78,109.85,Kharif,Andhra Pradesh,blackgram
137.23,17.5,62.29,26.35,95.86,5.42,20.9,Zaid,Karnataka,muskmelon
63.16,47.67,10.2,28.64,85.86,6.28,99.58,Kharif,West Bengal,maize
0.83,20.43,7.14,21.67,97.86,5.9,115.45,Annual,Maharashtra,orange
13.02,44.52,3.16,26.37,50.52,6.69,40.07,Kharif,Kerala,mothbeans
116.78,56.36,30.79,27.57,85.2,6.38,279.99,Kharif,Punjab,rice
102.17,78.4,33.5,27.19,78.53,5.72,51.08,Annual,Punjab,banana
10.36,148.75,209.73,20.86,94.13,5.84,89.98,Rabi,Madhya Pradesh,apple
104.3,43.64,18.26,28.77,45.64,5.09,104.9,Kharif,Karnataka,maize
90.58,36.55,29.16,26.03,83.9,6.71,274.0,Kharif,Madhya Pradesh,rice
22.3,142.23,169.31,19.4,94.28,5.39,119.46,Rabi,Maharashtra,apple
93.55,83.7,33.37,25.18,75.62,5.99,107.33,Annual,Andhra Pradesh,banana
75.6,29.69,44.69,21.88,64.74,7.38,137.76,Annual,Maharashtra,coffee
40.06,150.0,192.31,21.15,81.5,5.93,88.0,Annual,Maharashtra,grapes
17.33,7.06,25.94,30.93,94.83,5.67,149.85,Annual,Punjab,coconut
85.65,17.87,78.83,20.49,92.93,6.51,22.72,Zaid,Punjab,muskmelon
108.95,14.43,54.9,32.3,92.33,7.16,15.0,Zaid,Uttar Pradesh,muskmelon
96.13,0.0,53.68,21.16,84.31,6.34,27.65,Zaid,Andhra Pradesh,muskmelon
82.09,21.71,48.24,27.37,75.79,6.5,186.29,Kharif,Kerala,jute
18.58,58.61,63.12,34.81,93.19,6.96,172.58,Annual,Punjab,papaya
17.98,8.59,38.72,24.24,95.35,6.16,182.91,Annual,Kerala,coconut
18.12,35.84,37.2,27.34,87.98,6.53,44.68,Kharif,Telangana,mungbean
105.28,75.29,39.51,23.57,85.0,5.11,84.06,Annual,Andhra Pradesh,banana
6.01,19.67,26.02,25.28,97.48,6.26,124.84,Annual,Kerala,coconut
8.88,82.5,20.56,20.42,11.11,6.53,120.73,Kharif,Andhra Pradesh,kidneybeans
17.44,149.24,203.05,17.07,90.49,5.18,125.15,Rabi,Punjab,apple
19.08,13.38,37.79,28.45,92.34,5.88,181.9,Annual,Uttar Pradesh,coconut
10.18,13.67,22.37,32.76,42.31,4.93,76.82,Annual,Karnataka,mango
45.11,49.46,62.14,36.07,94.24,6.19,142.55,Annual,Madhya Pradesh,papaya
23.18,7.32,13.1,26.92,94.05,5.15,157.16,Annual,Karnataka,coconut
6.52,24.13,10.98,23.17,93.68,5.88,116.06,Annual,Tamil Nadu,orange
27.7,69.29,93.1,21.95,17.83,7.25,58.3,Rabi,Punjab,chickpea
19.24,48.18,18.51,26.06,58.23,6.52,55.79,Kharif,Punjab,mothbeans
123.88,17.03,29.53,30.55,90.23,6.25,15.0,Zaid,Maharashtra,muskmelon
76.16,59.61,42.83,27.3,76.3,5.75,247.91,Kharif,Telangana,rice
29.78,56.36,20.0,21.86,72.31,7.3,49.54,Rabi,Uttar Pradesh,lentil
74.37,65.88,65.8,36.92,91.5,7.07,189.71,Annual,Madhya Pradesh,papaya
70.37,40.18,44.62,27.79,82.52,7.44,188.88,Kharif,Kerala,jute
89.88,13.14,40.93,26.76,95.27,6.39,34.9,Zaid,West Bengal,muskmelon
85.13,17.19,55.39,29.39,79.64,6.37,67.64,Zaid,Madhya Pradesh,watermelon
19.31,134.91,210.0,20.97,97.44,5.5,150.56,Rabi,Maharashtra,apple
69.66,37.05,53.04,27.52,89.44,6.09,183.91,Kharif,Kerala,rice
103.74,31.74,40.31,23.55,80.36,6.6,251.52,Kharif,Andhra Pradesh,rice
26.26,25.12,14.33,23.54,85.05,6.39,90.87,Annual,Kerala,orange
99.53,33.21,62.34,28.78,92.44,6.52,29.94,Zaid,Kerala,muskmelon
19.36,64.28,43.97,22.69,50.29,6.11,149.95,Kharif,Kerala,pigeonpeas
26.29,7.14,24.33,19.32,97.82,7.35,95.98,Annual,West Bengal,pomegranate
25.44,138.06,187.03,29.37,90.62,5.75,92.31,Annual,Karnataka,grapes
100.88,22.63,19.97,24.62,58.22,6.77,196.38,Annual,Tamil Nadu,coffee
100.85,72.2,48.27,29.26,71.07,5.19,127.96,Annual,Uttar Pradesh,banana
12.99,63.84,31.41,33.84,62.78,6.19,112.33,Kharif,Punjab,pigeonpeas
16.38,20.7,34.71,30.71,53.48,5.87,86.48,Annual,Karnataka,mango
16.05,69.79,26.6,15.86,27.31,5.04,80.05,Kharif,Maharashtra,kidneybeans
109.05,14.86,43.54,23.23,83.36,6.38,42.64,Zaid,Telangana,watermelon
22.22,140.58,209.01,14.42,100.0,6.35,108.04,Rabi,Andhra Pradesh,apple
17.55,72.73,14.13,28.27,45.73,6.05,153.54,Kharif,Madhya Pradesh,pigeonpeas
52.88,38.28,7.52,27.87,75.13,5.7,92.55,Kharif,West Bengal,maize
18.88,53.3,23.89,30.23,62.77,5.99,177.74,Kharif,Kerala,pigeonpeas
24.42,127.42,187.44,19.4,93.29,5.98,142.33,Rabi,Telangana,apple
123.19,44.41,5.16,29.22,75.29,6.94,58.95,Kharif,Kerala,cotton
91.37,14.85,54.18,28.52,91.84,6.12,17.31,Zaid,Telangana,muskmelon
99.14,54.77,52.14,25.78,77.22,5.6,101.82,Annual,Telangana,banana
20.53,59.43,11.89,14.2,20.71,5.57,91.29,Kharif,Uttar Pradesh,kidneybeans
19.36,8.74,38.15,22.76,88.0,6.24,101.53,Annual,Uttar Pradesh,pomegranate
17.72,15.11,15.1,25.83,58.67,4.92,134.0,Annual,Madhya Pradesh,mango
17.86,13.57,11.08,23.92,98.46,6.32,102.13,Annual,Madhya Pradesh,orange
56.61,67.27,41.37,35.75,86.73,6.53,138.11,Annual,Madhya Pradesh,papaya
29.44,15.14,32.45,20.49,93.32,6.67,99.89,Annual,West Bengal,pomegranate
131.5,22.03,58.3,24.27,79.54,6.15,29.46,Zaid,Kerala,watermelon
6.12,130.05,210.0,27.66,90.34,5.83,95.26,Rabi,Telangana,apple
29.12,6.06,22.35,27.46,98.7,5.5,178.69,Annual,Andhra Pradesh,coconut
69.41,72.65,46.93,34.62,87.59,6.99,124.23,Annual,Tamil Nadu,papaya
49.39,76.71,117.06,22.06,19.91,7.65,54.82,Rabi,Telangana,chickpea
96.22,15.93,61.7,22.67,88.16,6.23,58.64,Zaid,Maharashtra,watermelon
29.01,53.59,21.71,13.36,72.21,6.08,32.95,Rabi,Karnataka,lentil
27.51,24.3,40.85,29.94,94.88,6.4,215.6,Annual,Madhya Pradesh,coconut
28.82,79.09,10.24,18.12,44.71,7.11,16.75,Rabi,Kerala,lentil
64.22,38.56,10.27,27.37,55.66,7.5,73.72,Kharif,Karnataka,maize
25.02,45.82,9.06,23.37,17.18,5.96,117.85,Kharif,Madhya Pradesh,kidneybeans
2.2,51.91,14.06,27.3,38.55,5.54,113.24,Kharif,Telangana,pigeonpeas
111.61,45.01,24.55,21.78,84.82,6.23,86.13,Kharif,Kerala,cotton
94.84,10.95,41.38,18.69,88.6,6.33,18.66,Zaid,West Bengal,muskmelon
23.02,87.9,26.78,16.73,25.91,5.1,85.75,Kharif,Maharashtra,kidneybeans
13.58,88.85,36.18,20.54,73.26,5.36,42.07,Rabi,Madhya Pradesh,lentil
5.88,18.62,41.62,23.37,93.64,6.3,116.12,Annual,Kerala,pomegranate
99.62,16.97,29.63,26.83,97.42,6.23,32.13,Zaid,West Bengal,muskmelon
136.97,48.82,3.14,20.94,76.62,7.12,58.94,Kharif,West Bengal,cotton
81.57,49.86,45.16,24.82,79.68,6.76,187.0,Kharif,Punjab,jute
14.94,65.72,19.62,33.31,78.01,6.96,81.07,Kharif,West Bengal,mungbean
116.67,34.7,29.36,22.28,84.6,7.48,92.07,Kharif,Tamil Nadu,cotton
25.14,86.5,17.06,23.01,56.65,6.36,56.29,Rabi,Telangana,lentil
91.49,36.24,14.16,25.07,56.99,6.84,157.06,Annual,Karnataka,coffee
95.77,24.26,36.47,20.7,69.58,7.02,198.76,Annual,West Bengal,coffee
71.73,71.86,42.41,27.29,78.55,6.9,188.59,Kharif,Punjab,jute
106.15,27.54,22.24,25.13,58.98,7.09,138.96,Annual,Maharashtra,coffee
41.28,58.12,44.23,35.38,87.94,6.57,98.51,Annual,Uttar Pradesh,papaya
12.44,55.81,27.42,34.08,52.8,5.35,160.17,Kharif,Karnataka,pigeonpeas
115.75,32.42,18.02,23.15,77.54,7.07,55.71,Kharif,Tamil Nadu,cotton
19.34,69.86,16.2,23.62,58.26,5.99,164.71,Kharif,Punjab,pigeonpeas
21.71,133.33,198.37,22.17,86.78,6.18,82.69,Annual,Karnataka,grapes
107.93,22.02,49.8,24.71,88.8,6.86,37.51,Zaid,Uttar Pradesh,muskmelon
22.37,87.21,20.69,11.0,20.44,7.17,122.33,Kharif,Maharashtra,kidneybeans
80.45,50.41,47.63,26.34,73.57,6.42,188.63,Kharif,Maharashtra,rice
5.71,67.09,18.42,20.74,65.16,7.19,26.32,Rabi,Andhra Pradesh,lentil
18.51,6.62,32.47,27.2,91.02,6.13,206.7,Annual,Uttar Pradesh,coconut
34.19,39.1,25.94,27.82,83.36,7.02,45.51,Kharif,Maharashtra,mungbean
99.16,39.99,45.95,25.16,79.76,6.62,150.19,Kharif,Madhya Pradesh,jute
16.46,56.25,12.05,29.18,75.73,6.9,38.37,Kharif,Maharashtra,mothbeans
38.45,50.73,71.57,16.9,14.36,7.96,88.24,Rabi,Madhya Pradesh,chickpea
99.15,26.63,62.59,26.6,91.87,6.5,60.35,Zaid,Madhya Pradesh,watermelon
127.61,11.45,48.86,28.14,84.61,6.74,61.71,Zaid,Madhya Pradesh,watermelon
31.96,47.27,28.49,25.93,88.13,6.57,73.69,Kharif,Uttar Pradesh,mungbean
10.56,42.96,34.11,34.28,36.39,6.62,34.48,Kharif,Karnataka,mothbeans
24.89,53.71,16.38,31.28,81.21,7.09,44.15,Kharif,Karnataka,mungbean
60.62,43.53,35.3,25.86,59.99,5.85,74.74,Kharif,West Bengal,maize
90.93,34.23,24.48,26.26,58.6,5.54,55.4,Kharif,Maharashtra,maize
106.93,81.08,30.1,23.82,85.29,5.93,62.96,Annual,Telangana,banana
17.77,53.42,17.78,18.68,22.95,6.74,91.62,Kharif,West Bengal,kidneybeans
24.82,67.86,17.81,15.78,61.48,6.24,32.32,Rabi,West Bengal,lentil
43.84,35.79,36.12,30.59,70.58,7.03,42.17,Kharif,Maharashtra,blackgram
12.34,11.12,8.17,29.05,95.05,6.02,182.59,Annual,Punjab,coconut
13.74,61.82,11.1,20.59,65.09,6.72,36.5,Rabi,Maharashtra,lentil
35.42,74.23,89.83,17.86,14.58,7.57,58.45,Rabi,Karnataka,chickpea
17.93,16.47,23.44,32.13,49.58,6.11,114.3,Annual,Punjab,mango
90.95,38.16,35.45,23.71,82.04,6.01,162.56,Kharif,Maharashtra,jute
70.05,12.06,61.97,21.44,88.52,7.64,71.8,Zaid,Tamil Nadu,watermelon
15.48,122.91,185.86,30.25,85.01,5.78,57.04,Annual,West Bengal,grapes
35.08,66.02,113.21,23.34,23.3,7.72,104.59,Rabi,Andhra Pradesh,chickpea
27.15,38.37,18.99,28.03,61.65,6.75,77.12,Kharif,Karnataka,mothbeans
0.0,62.62,31.41,19.02,72.17,6.08,20.97,Rabi,Telangana,lentil
10.93,13.62,2.41,25.49,98.21,6.24,97.02,Annual,Maharashtra,orange
134.05,12.46,53.47,28.66,96.0,7.29,40.21,Zaid,Punjab,muskmelon
103.41,22.15,53.17,29.41,90.7,5.97,15.0,Zaid,Kerala,muskmelon
107.91,57.79,20.95,24.79,84.42,7.23,85.87,Kharif,Punjab,cotton
15.34,14.72,36.27,20.81,83.71,6.13,109.61,Annual,West Bengal,pomegranate
16.7,47.73,17.85,29.32,56.42,6.61,30.06,Kharif,Telangana,mothbeans
14.0,59.98,18.35,30.11,28.21,7.08,47.58,Kharif,Andhra Pradesh,mothbeans
92.95,53.21,36.06,26.56,80.67,6.15,263.18,Kharif,Madhya Pradesh,rice
8.21,128.91,183.0,21.04,82.42,5.17,68.65,Annual,Uttar Pradesh,grapes
12.48,19.97,38.06,22.65,91.68,6.04,139.78,Annual,Uttar Pradesh,coconut
11.19,139.3,210.0,19.99,85.43,5.1,98.69,Rabi,West Bengal,apple
33.9,24.08,14.34,34.85,61.21,5.25,88.37,Annual,Uttar Pradesh,mango
121.72,15.75,56.08,22.71,90.59,6.06,49.76,Zaid,Uttar Pradesh,muskmelon
83.54,40.68,52.83,26.48,80.11,6.69,184.35,Kharif,Punjab,jute
25.57,49.03,8.78,27.73,78.82,6.65,38.82,Kharif,Punjab,mungbean
21.95,105.48,209.04,22.74,83.52,5.85,95.83,Rabi,Uttar Pradesh,apple
11.33,14.31,46.2,26.15,83.1,5.76,89.17,Annual,Uttar Pradesh,pomegranate
7.99,37.64,18.96,29.16,56.25,7.36,67.23,Kharif,Madhya Pradesh,mothbeans
131.17,53.37,28.46,24.22,75.09,6.88,65.5,Kharif,Maharashtra,cotton
74.33,43.24,13.61,22.59,64.99,6.52,92.98,Kharif,West Bengal,maize
119.33,48.86,13.52,26.07,89.05,6.72,66.73,Kharif,Maharashtra,cotton
44.29,60.89,85.76,21.28,23.13,7.03,75.82,Rabi,Karnataka,chickpea
97.48,23.52,45.57,23.78,94.37,5.85,69.27,Zaid,Telangana,watermelon
20.04,67.84,29.25,20.66,48.31,5.26,165.16,Kharif,Karnataka,pigeonpeas
17.12,32.91,24.86,28.5,76.77,6.88,49.15,Kharif,West Bengal,mungbean
32.38,32.19,12.71,36.41,83.63,5.75,41.26,Kharif,Tamil Nadu,mungbean
80.53,51.83,40.27,22.99,82.03,6.62,174.46,Kharif,Telangana,jute
100.13,50.98,34.23,25.92,87.78,6.96,198.64,Kharif,Telangana,jute
38.7,65.84,86.85,16.11,21.44,7.71,127.07,Rabi,Tamil Nadu,chickpea
0.82,17.27,50.28,25.87,82.42,6.0,87.92,Annual,Madhya Pradesh,pomegranate
11.74,25.02,36.99,29.25,54.86,4.52,87.29,Annual,Karnataka,mango
46.88,56.75,13.47,28.37,54.64,6.62,79.67,Kharif,Kerala,blackgram
35.66,39.98,84.67,18.48,10.0,7.72,103.7,Rabi,Madhya Pradesh,chickpea
108.63,56.3,46.14,26.8,84.6,5.76,258.03,Kharif,West Bengal,rice
57.75,59.35,56.0,34.45,100.0,6.8,127.97,Annual,Tamil Nadu,papaya
31.95,74.15,14.79,30.41,63.46,7.88,63.73,Kharif,Uttar Pradesh,blackgram
18.12,51.41,20.07,29.15,44.83,7.84,41.31,Kharif,Uttar Pradesh,mothbeans
17.29,57.63,11.02,25.97,86.9,7.29,75.0,Kharif,Tamil Nadu,mungbean
9.88,6.93,18.18,26.42,94.54,6.05,130.69,Annual,Maharashtra,coconut
26.75,78.56,13.36,26.69,29.78,6.36,211.95,Kharif,Maharashtra,pigeonpeas
15.89,29.09,27.49,21.48,82.23,6.67,53.46,Kharif,West Bengal,mungbean
67.1,64.37,46.21,26.06,95.91,6.91,148.82,Annual,Andhra Pradesh,papaya
90.0,23.57,28.24,24.84,50.02,6.21,156.25,Annual,Andhra Pradesh,coffee
115.64,54.27,8.01,19.41,83.75,6.7,78.18,Kharif,West Bengal,cotton
18.33,137.24,185.78,22.68,76.3,5.43,38.43,Annual,Telangana,grapes
82.75,53.4,47.55,24.66,88.43,7.25,167.2,Kharif,Punjab,jute
23.87,60.38,0.0,13.95,77.44,6.39,39.44,Rabi,West Bengal,lentil
86.05,13.26,67.49,20.84,81.34,6.88,53.25,Zaid,Kerala,watermelon
109.59,47.19,35.89,28.32,84.14,6.81,237.33,Kharif,Karnataka,rice
85.84,39.02,43.02,26.13,75.16,6.47,183.72,Kharif,Tamil Nadu,jute
114.89,9.58,18.66,29.19,88.45,6.65,34.5,Zaid,Tamil Nadu,muskmelon
18.57,150.0,192.31,25.5,94.51,6.06,116.58,Rabi,Telangana,apple
21.65,17.98,8.0,11.25,98.14,6.12,105.17,Annual,Karnataka,orange
20.04,34.14,17.93,27.62,46.42,6.83,59.42,Kharif,Madhya Pradesh,mothbeans
136.47,56.44,28.21,19.65,74.74,7.07,94.31,Kharif,Telangana,cotton
20.99,59.15,15.2,30.3,85.21,7.45,69.36,Kharif,West Bengal,mungbean
8.07,32.91,39.56,27.31,94.53,6.15,193.53,Annual,Tamil Nadu,coconut
114.35,27.94,28.01,26.48,44.06,6.8,156.99,Annual,Kerala,coffee
47.52,78.69,79.98,21.21,20.07,7.37,67.06,Rabi,Andhra Pradesh,chickpea
23.07,21.08,13.1,23.02,92.34,5.54,125.56,Annual,Punjab,orange
18.19,12.36,28.39,28.54,88.63,5.36,157.96,Annual,Kerala,coconut
10.62,30.15,10.82,24.68,88.95,6.56,88.06,Annual,Uttar Pradesh,orange
15.33,150.0,203.28,21.31,100.0,5.33,122.96,Rabi,Tamil Nadu,apple
25.66,30.95,7.36,27.0,84.12,5.97,40.9,Kharif,Maharashtra,mungbean
20.79,17.96,17.61,25.18,93.82,6.1,180.78,Annual,Uttar Pradesh,coconut
74.6,22.31,21.03,27.5,65.36,6.39,136.14,Annual,Tamil Nadu,coffee
2.88,66.22,13.94,18.61,59.63,6.89,29.41,Rabi,Tamil Nadu,lentil
29.64,118.06,210.0,26.18,78.27,6.63,48.07,Annual,West Bengal,grapes
20.61,51.71,8.31,25.33,81.4,6.6,38.58,Kharif,Andhra Pradesh,mungbean
19.37,72.69,20.25,15.45,14.71,5.42,109.44,Kharif,Telangana,kidneybeans
24.65,148.42,205.31,10.22,85.35,6.37,65.48,Annual,Maharashtra,grapes
34.61,42.48,45.43,34.29,99.95,7.09,180.83,Annual,Uttar Pradesh,papaya
117.98,77.65,67.11,27.04,83.24,6.12,84.39,Annual,Andhra Pradesh,banana
100.48,34.82,30.28,26.2,59.21,7.04,143.9,Annual,Tamil Nadu,coffee
16.09,26.98,16.88,34.73,57.0,6.1,122.2,Annual,Maharashtra,mango
1.91,12.6,45.48,20.8,90.72,6.14,125.28,Annual,Telangana,pomegranate
34.73,72.49,62.63,34.16,87.19,7.3,138.44,Annual,Telangana,papaya
27.52,53.67,5.71,31.35,82.71,7.06,35.41,Kharif,West Bengal,mungbean
9.76,118.5,210.0,15.7,87.71,6.2,58.79,Annual,Tamil Nadu,grapes
6.51,29.12,41.64,27.4,93.28,6.06,158.99,Annual,Telangana,coconut
103.3,49.91,52.0,25.87,80.22,6.33,112.78,Kharif,Tamil Nadu,rice
11.64,122.33,191.62,21.5,96.46,5.51,157.79,Rabi,Uttar Pradesh,apple
31.04,67.16,5.95,16.23,54.78,6.83,48.11,Rabi,Maharashtra,lentil
30.49,62.84,85.4,15.97,12.8,7.13,46.42,Rabi,Karnataka,chickpea
18.63,53.55,9.39,27.34,48.44,6.73,62.73,Kharif,Kerala,mothbeans
86.8,84.54,42.94,24.23,86.57,6.64,99.47,Annual,West Bengal,banana
29.88,46.59,20.63,26.68,87.31,7.37,59.72,Kharif,Madhya Pradesh,mungbean
76.09,20.01,56.53,20.94,92.78,6.68,30.81,Zaid,Uttar Pradesh,muskmelon
38.87,64.39,88.48,19.7,10.16,7.23,76.35,Rabi,Tamil Nadu,chickpea
39.13,69.08,85.52,23.98,17.5,8.01,81.19,Rabi,Uttar Pradesh,chickpea
30.58,148.32,201.83,25.06,91.54,6.07,145.03,Rabi,Uttar Pradesh,apple
18.15,13.36,41.79,31.29,93.06,5.37,169.14,Annual,Punjab,coconut
20.17,84.53,36.18,23.74,53.27,6.08,161.63,Kharif,Telangana,pigeonpeas
26.19,144.78,177.53,14.52,97.1,6.08,111.57,Rabi,West Bengal,apple
100.36,40.73,41.59,26.88,80.45,6.38,203.52,Kharif,Andhra Pradesh,rice
41.63,64.03,48.65,34.69,89.58,7.12,179.46,Annual,Maharashtra,papaya
57.05,24.35,56.56,28.29,87.1,6.36,26.85,Zaid,Uttar Pradesh,muskmelon
23.62,135.1,181.26,20.39,86.31,6.7,60.68,Annual,Uttar Pradesh,grapes
10.71,33.78,26.11,28.74,59.11,5.88,27.75,Kharif,Andhra Pradesh,mothbeans
69.02,55.35,39.88,23.93,80.22,6.71,190.55,Kharif,Tamil Nadu,jute
86.32,34.69,39.43,28.15,77.12,5.84,252.34,Kharif,Telangana,rice
89.47,31.35,37.44,22.77,86.62,6.21,218.69,Kharif,Punjab,rice
19.31,0.0,10.95,23.78,96.94,6.15,113.22,Annual,West Bengal,orange
144.48,35.53,22.67,21.76,44.62,6.84,173.2,Annual,Karnataka,coffee
17.88,140.78,196.48,19.63,90.91,6.52,121.35,Rabi,Uttar Pradesh,apple
19.51,126.6,187.44,27.15,78.88,5.67,78.06,Annual,Andhra Pradesh,grapes
59.6,56.01,45.14,36.82,87.33,6.52,166.66,Annual,Uttar Pradesh,papaya
38.56,140.41,210.0,23.16,82.73,6.49,83.57,Annual,Karnataka,grapes
14.98,127.84,199.76,24.88,93.85,5.92,117.54,Rabi,Madhya Pradesh,apple
18.44,121.5,161.59,19.97,89.01,6.15,64.35,Annual,Telangana,grapes
17.24,38.59,29.61,31.54,32.96,5.92,96.87,Annual,Punjab,mango
6.27,51.89,23.34,22.99,22.89,6.08,105.35,Kharif,Tamil Nadu,kidneybeans
19.02,150.0,201.59,26.17,85.94,6.02,108.87,Annual,Karnataka,grapes
77.37,20.33,41.19,28.41,95.55,5.93,25.63,Zaid,Madhya Pradesh,muskmelon
18.54,83.25,20.04,15.24,62.94,5.85,26.84,Rabi,Maharashtra,lentil
12.14,56.9,29.33,28.56,77.53,6.64,52.92,Kharif,Punjab,mungbean
33.72,62.45,22.65,29.55,77.53,7.32,89.92,Kharif,Andhra Pradesh,blackgram
81.11,9.23,68.64,29.73,90.84,6.38,16.93,Zaid,Karnataka,muskmelon
50.66,71.45,103.67,19.24,35.19,7.19,80.1,Rabi,Andhra Pradesh,chickpea
11.47,60.57,14.14,29.4,80.82,7.08,34.61,Kharif,West Bengal,mungbean
39.48,9.93,11.36,24.34,88.15,5.76,97.98,Annual,Kerala,orange
22.91,64.13,15.13,12.31,23.04,5.89,116.15,Kharif,Karnataka,kidneybeans
103.49,15.03,56.23,24.37,74.72,6.73,63.38,Zaid,Kerala,watermelon
16.02,24.88,9.0,25.48,92.82,6.36,113.16,Annual,Karnataka,orange
40.82,29.55,34.64,29.61,45.38,6.21,61.48,Annual,Kerala,mango
17.02,30.77,13.47,21.43,89.26,6.93,114.14,Annual,Telangana,orange
31.44,16.68,40.3,20.47,94.53,6.99,127.26,Annual,Karnataka,pomegranate
31.5,69.21,20.83,15.65,65.81,6.33,62.8,Rabi,West Bengal,lentil
19.8,34.19,30.57,34.27,54.64,5.67,82.44,Annual,Telangana,mango
77.28,54.19,36.55,24.58,76.22,7.39,144.43,Kharif,Andhra Pradesh,jute
86.28,6.92,45.58,25.35,90.82,6.62,67.5,Zaid,Maharashtra,watermelon
133.84,26.27,58.17,28.95,94.92,6.71,15.0,Zaid,Tamil Nadu,muskmelon
3.32,43.64,31.58,33.02,56.55,7.78,49.36,Kharif,Tamil Nadu,mothbeans
82.71,16.61,44.24,21.32,84.66,7.19,37.21,Zaid,Madhya Pradesh,watermelon
106.27,37.49,26.39,23.61,61.3,7.21,175.63,Annual,Kerala,coffee
14.72,62.35,18.76,16.7,65.06,6.76,35.83,Rabi,Telangana,lentil
23.19,14.69,11.33,27.26,94.21,6.68,142.02,Annual,Andhra Pradesh,orange
133.17,33.14,13.88,27.61,81.47,7.17,89.07,Kharif,Andhra Pradesh,cotton
112.06,4.98,41.31,28.38,94.65,7.07,22.6,Zaid,Kerala,muskmelon
150.0,43.53,27.78,22.82,84.51,6.78,89.23,Kharif,Uttar Pradesh,cotton
29.22,42.68,36.55,34.37,86.41,6.98,67.88,Kharif,Madhya Pradesh,mungbean
17.78,143.59,205.81,13.99,80.21,6.05,64.91,Annual,Telangana,grapes
19.07,67.28,11.54,32.19,36.6,5.58,152.93,Kharif,Telangana,pigeonpeas
23.29,53.56,13.7,19.69,70.44,6.66,57.38,Rabi,Telangana,lentil
106.13,20.6,32.58,24.32,51.39,6.46,215.87,Annual,Maharashtra,coffee
121.81,22.71,46.63,22.17,86.71,6.96,21.52,Zaid,Kerala,muskmelon
22.26,12.2,15.41,26.44,94.34,5.86,189.94,Annual,Punjab,coconut
22.17,22.05,31.84,38.62,59.4,5.56,84.53,Annual,Maharashtra,mango
113.82,18.96,31.17,29.65,43.72,6.96,185.29,Annual,Uttar Pradesh,coffee
96.66,49.63,24.69,25.69,85.68,6.35,255.28,Kharif,Maharashtra,rice
92.85,30.45,53.36,28.74,80.74,6.35,133.6,Kharif,Uttar Pradesh,rice
94.13,15.07,58.2,27.24,84.17,6.31,73.99,Zaid,Kerala,watermelon
17.93,50.47,27.54,22.2,46.22,5.78,171.47,Kharif,Maharashtra,pigeonpeas
20.59,74.71,18.12,18.24,51.23,7.17,34.56,Rabi,Karnataka,lentil
22.12,145.37,200.98,19.41,85.1,5.35,74.24,Annual,West Bengal,grapes
132.38,28.4,20.02,25.73,49.58,6.69,118.68,Annual,Madhya Pradesh,coffee
16.55,19.3,6.27,25.33,85.56,6.73,110.35,Annual,West Bengal,orange
126.16,45.07,10.84,29.42,84.64,7.71,100.69,Kharif,Punjab,cotton
28.05,15.76,53.72,26.35,87.05,4.94,125.89,Annual,Andhra Pradesh,pomegranate
28.02,121.72,210.0,18.93,80.71,5.94,57.62,Annual,Kerala,grapes
11.66,43.23,12.82,23.52,81.46,7.02,35.42,Rabi,Madhya Pradesh,lentil
133.18,22.97,18.15,24.97,55.01,5.81,138.69,Annual,Uttar Pradesh,coffee
24.92,35.46,14.22,18.96,91.62,6.47,99.61,Annual,Telangana,orange
20.84,68.34,63.49,17.46,14.81,7.09,64.32,Rabi,Punjab,chickpea
22.53,135.97,180.79,25.61,87.04,6.06,58.04,Annual,Karnataka,grapes
47.66,55.86,93.09,28.84,16.27,6.2,64.04,Rabi,Tamil Nadu,chickpea
18.99,17.25,18.32,25.92,96.61,6.15,90.26,Annual,Punjab,orange
8.28,9.56,14.35,20.08,88.39,6.16,107.98,Annual,West Bengal,orange
104.42,79.46,18.14,23.59,79.37,6.05,60.26,Annual,West Bengal,banana
42.35,53.28,23.61,27.59,66.02,7.79,67.48,Kharif,Telangana,blackgram
75.92,54.02,42.28,25.75,83.92,6.92,174.85,Kharif,Maharashtra,jute
23.8,134.97,210.0,24.26,78.16,6.75,65.38,Annual,Punjab,grapes
22.17,18.47,3.68,25.58,91.17,7.07,118.41,Annual,Kerala,orange
27.76,23.39,36.5,25.46,95.51,5.49,155.07,Annual,Madhya Pradesh,coconut
13.96,74.24,19.18,18.43,55.55,6.89,60.05,Rabi,Karnataka,lentil
31.13,51.08,74.7,19.27,13.13,7.59,66.08,Rabi,Punjab,chickpea
95.88,82.99,70.92,27.43,80.21,5.94,99.55,Annual,West Bengal,banana
58.44,70.87,61.23,31.78,94.07,6.39,137.68,Annual,West Bengal,papaya
80.36,28.99,44.25,26.04,92.95,6.63,45.54,Zaid,Uttar Pradesh,watermelon
123.03,20.7,47.51,32.16,98.26,6.61,17.25,Zaid,Uttar Pradesh,muskmelon
28.47,38.26,33.32,36.14,50.74,6.24,103.57,Annual,Punjab,mango
26.84,110.84,210.0,24.82,81.76,6.78,64.26,Annual,Madhya Pradesh,grapes
74.3,21.97,13.98,20.36,56.03,7.1,86.41,Kharif,Tamil Nadu,maize
70.27,66.12,78.35,26.52,87.13,6.56,182.31,Annual,Madhya Pradesh,papaya
98.64,32.07,38.39,26.95,90.79,5.55,56.15,Zaid,Punjab,watermelon
3.06,64.36,8.16,33.47,49.77,5.35,129.04,Kharif,Andhra Pradesh,pigeonpeas
19.0,52.25,22.64,27.08,88.3,6.69,44.46,Kharif,Uttar Pradesh,mungbean
26.75,129.64,184.31,21.39,89.26,6.59,127.2,Rabi,Telangana,apple
99.32,23.68,48.98,23.26,83.87,5.55,32.85,Zaid,Kerala,watermelon
93.04,40.0,44.85,23.42,81.99,6.59,207.69,Kharif,Tamil Nadu,rice
31.06,143.39,210.0,28.46,77.38,6.19,61.64,Annual,Maharashtra,grapes
17.0,131.12,193.27,17.27,80.45,6.74,44.32,Annual,Karnataka,grapes
119.12,97.98,30.25,28.94,81.13,5.72,113.19,Annual,Maharashtra,banana
46.69,78.48,79.46,12.16,21.24,6.47,81.18,Rabi,Maharashtra,chickpea
29.43,71.71,8.26,22.59,39.66,5.37,147.29,Kharif,Telangana,pigeonpeas
71.99,19.27,36.97,29.22,90.32,6.52,19.22,Zaid,Telangana,muskmelon
104.83,24.04,23.78,23.64,56.02,7.03,128.94,Annual,Punjab,coffee
3.2,55.57,29.64,18.24,12.5,6.98,104.42,Kharif,Karnataka,kidneybeans
87.7,27.76,57.33,27.78,90.13,6.55,31.6,Zaid,Maharashtra,muskmelon
85.11,59.27,58.37,23.99,91.53,6.21,300.0,Kharif,West Bengal,rice
17.97,73.93,26.2,18.98,19.47,5.62,77.64,Kharif,Andhra Pradesh,kidneybeans
76.59,23.85,27.91,25.46,57.19,5.96,47.48,Kharif,West Bengal,maize
30.3,58.58,27.42,32.44,31.57,6.11,178.76,Kharif,Maharashtra,pigeonpeas
59.16,65.96,59.76,35.39,98.15,6.68,158.25,Annual,Uttar Pradesh,papaya
22.03,23.46,38.91,28.42,97.19,4.8,215.34,Annual,Kerala,coconut
9.96,1.21,8.81,20.6,99.28,7.3,85.44,Annual,Uttar Pradesh,pomegranate
31.8,62.05,42.36,28.45,90.59,7.21,175.2,Annual,Kerala,papaya
89.64,19.87,48.7,21.88,53.57,6.95,149.53,Annual,Andhra Pradesh,coffee
17.99,27.77,31.12,23.9,92.93,6.54,98.43,Annual,Telangana,pomegranate
128.51,40.41,28.59,21.45,83.35,7.77,80.73,Kharif,Telangana,cotton
18.01,27.16,7.04,22.49,56.79,6.12,68.83,Kharif,Maharashtra,mothbeans
59.14,54.39,18.85,25.16,81.61,6.86,77.34,Kharif,Karnataka,maize
17.52,7.09,56.26,25.76,93.41,6.28,84.84,Annual,Kerala,pomegranate
29.82,57.39,18.92,30.63,89.34,6.66,39.6,Kharif,Tamil Nadu,mungbean
123.29,15.74,42.48,22.05,79.49,6.5,62.72,Zaid,West Bengal,watermelon
77.39,81.99,50.52,32.4,71.02,5.79,137.2,Annual,Madhya Pradesh,banana
61.62,25.41,39.88,24.34,81.48,6.19,239.02,Kharif,Punjab,rice
4.88,49.21,4.42,22.65,39.88,4.99,127.98,Kharif,Punjab,pigeonpeas
22.95,135.84,190.13,27.06,83.21,5.83,83.53,Annual,Tamil Nadu,grapes
87.68,40.72,36.48,26.6,83.83,6.37,247.23,Kharif,West Bengal,rice
98.35,47.96,60.35,24.74,80.46,5.9,188.71,Kharif,Andhra Pradesh,rice
17.7,19.52,40.77,27.69,68.09,5.39,129.41,Annual,Karnataka,mango
28.63,62.22,24.76,17.27,28.93,6.12,81.19,Kharif,Uttar Pradesh,kidneybeans
77.63,51.51,47.43,26.63,78.67,6.29,234.67,Kharif,Telangana,rice
5.1,69.88,15.61,16.55,66.24,6.66,58.04,Rabi,Kerala,lentil
20.01,48.21,6.35,27.31,88.98,6.51,46.63,Kharif,Telangana,mungbean
83.55,59.03,16.37,25.04,71.2,6.02,70.48,Kharif,Karnataka,maize
38.88,69.02,25.41,28.41,47.46,6.33,100.78,Kharif,Karnataka,blackgram
94.41,20.47,4.21,25.1,62.94,6.19,73.45,Kharif,Uttar Pradesh,maize
94.32,42.7,38.84,23.01,80.51,6.7,190.9,Kharif,Karnataka,jute
39.79,92.36,21.86,25.07,60.5,6.91,78.88,Kharif,Madhya Pradesh,blackgram
12.07,12.71,12.63,26.19,92.28,6.28,173.52,Annual,Karnataka,coconut
86.78,90.37,43.83,29.09,70.8,6.03,94.7,Annual,Uttar Pradesh,banana
83.17,84.82,49.77,29.23,85.33,6.08,126.51,Annual,Madhya Pradesh,banana
59.82,53.24,31.16,25.16,79.65,7.16,181.05,Kharif,Kerala,jute
102.63,38.74,18.32,19.6,60.89,7.13,162.15,Annual,Madhya Pradesh,coffee
36.51,56.44,63.36,30.53,94.38,6.74,194.83,Annual,Madhya Pradesh,papaya
38.49,4.69,34.97,21.97,89.95,6.25,175.9,Annual,Tamil Nadu,coconut
84.27,8.87,50.15,27.8,79.25,6.95,48.63,Zaid,Karnataka,watermelon
70.66,43.37,48.35,39.0,91.42,7.68,164.64,Annual,Punjab,papaya
19.25,145.13,210.0,25.9,93.34,6.04,127.0,Rabi,Punjab,apple
118.61,16.53,48.64,23.12,73.2,6.53,39.35,Zaid,Andhra Pradesh,watermelon
17.24,34.22,17.29,34.51,49.93,5.68,81.14,Annual,Uttar Pradesh,mango
29.46,62.31,24.17,18.35,66.94,6.33,54.34,Rabi,Uttar Pradesh,lentil
122.32,103.9,62.11,30.96,86.08,6.12,113.23,Annual,Madhya Pradesh,banana
13.06,65.85,15.03,23.22,31.77,5.62,167.01,Kharif,Maharashtra,pigeonpeas
12.53,13.29,16.54,25.54,89.06,6.58,109.87,Annual,Karnataka,orange
17.27,15.47,31.27,21.99,88.81,6.26,103.12,Annual,Andhra Pradesh,pomegranate
111.57,33.38,18.83,19.41,82.15,6.21,225.3,Kharif,Karnataka,rice
34.05,114.46,197.04,16.19,93.19,5.9,104.86,Rabi,West Bengal,apple
26.82,15.32,9.01,27.35,90.84,6.7,102.37,Annual,West Bengal,orange
39.98,88.65,14.41,31.59,61.16,7.13,88.22,Kharif,Kerala,blackgram
19.54,31.96,39.96,28.23,95.17,5.75,131.15,Annual,West Bengal,coconut
72.25,49.15,9.05,23.24,56.44,6.16,75.28,Kharif,Uttar Pradesh,maize
95.5,42.14,44.54,24.07,86.68,5.47,216.58,Kharif,Telangana,rice
142.62,56.65,21.65,22.08,78.57,7.43,34.37,Kharif,Uttar Pradesh,cotton
81.13,11.9,42.39,25.03,81.9,6.28,49.93,Zaid,Telangana,watermelon
110.49,12.95,47.09,25.98,90.21,6.42,16.78,Zaid,Maharashtra,muskmelon
21.37,63.64,32.07,20.9,19.07,5.8,108.91,Kharif,Andhra Pradesh,kidneybeans
94.64,50.9,28.49,24.74,86.7,6.55,238.46,Kharif,West Bengal,rice
99.91,19.66,45.06,30.65,90.78,6.36,28.61,Zaid,Telangana,muskmelon
23.08,67.2,17.53,27.04,52.69,7.38,32.06,Rabi,Madhya Pradesh,lentil
103.08,33.65,29.81,24.03,48.06,6.51,116.35,Annual,Tamil Nadu,coffee
83.87,20.38,35.49,27.42,87.42,6.34,49.05,Zaid,Telangana,watermelon
24.66,0.0,26.74,26.99,92.66,6.77,220.61,Annual,Maharashtra,coconut
38.04,59.5,54.12,31.59,97.49,6.72,123.21,Annual,Andhra Pradesh,papaya
73.68,23.85,54.59,24.65,80.43,6.45,68.23,Zaid,Punjab,watermelon
19.49,89.27,20.37,15.22,28.36,6.12,119.54,Kharif,Madhya Pradesh,kidneybeans
29.48,30.19,47.94,28.88,35.3,6.06,79.56,Annual,West Bengal,mango
107.58,45.53,32.83,24.69,81.87,6.7,93.74,Kharif,Telangana,cotton
48.69,41.39,47.06,29.41,86.43,7.5,136.21,Annual,Kerala,papaya
50.07,48.14,44.15,30.77,89.13,6.3,132.93,Annual,Uttar Pradesh,papaya
25.53,27.69,39.67,32.11,56.63,4.66,70.31,Annual,West Bengal,mango
14.82,27.76,14.14,16.3,84.23,6.07,114.6,Annual,West Bengal,orange
19.16,58.59,18.39,27.59,78.94,7.08,36.86,Kharif,West Bengal,mungbean
105.51,105.14,53.02,29.7,83.47,6.02,109.66,Annual,Andhra Pradesh,banana
16.78,39.5,17.7,29.6,84.4,5.77,38.81,Kharif,West Bengal,mungbean
15.49,37.95,15.49,31.09,92.39,6.35,39.15,Kharif,Andhra Pradesh,mungbean
25.13,47.23,25.76,23.97,51.54,6.77,59.35,Kharif,Karnataka,mothbeans
19.49,69.02,29.0,18.45,66.41,7.35,22.92,Rabi,Andhra Pradesh,lentil
13.66,3.5,14.97,23.2,93.82,6.99,103.68,Annual,Andhra Pradesh,orange
34.15,60.55,69.14,19.32,28.05,6.67,51.61,Rabi,Kerala,chickpea
96.34,0.0,57.19,28.73,95.3,6.35,31.65,Zaid,Uttar Pradesh,muskmelon
99.66,24.5,39.51,22.47,75.91,5.85,216.64,Kharif,Tamil Nadu,rice
18.77,69.85,17.87,16.05,30.63,6.32,89.78,Kharif,Maharashtra,kidneybeans
22.81,78.19,23.17,18.63,28.2,6.03,106.36,Kharif,West Bengal,kidneybeans
14.52,66.19,28.05,36.15,32.93,5.96,117.4,Kharif,Andhra Pradesh,pigeonpeas
70.55,30.18,16.66,22.97,85.75,6.09,237.91,Kharif,Punjab,rice
13.2,49.33,19.43,27.13,44.52,6.41,124.49,Kharif,Madhya Pradesh,pigeonpeas
45.51,36.47,70.58,20.55,15.83,7.54,90.79,Rabi,Kerala,chickpea
110.79,36.01,13.34,25.93,78.85,6.02,100.5,Kharif,Tamil Nadu,cotton
16.27,63.01,24.71,16.95,63.87,6.69,15.0,Rabi,Tamil Nadu,lentil
109.58,40.49,21.85,21.52,72.41,7.08,77.85,Kharif,Uttar Pradesh,cotton
16.43,71.7,21.21,28.1,61.21,5.99,173.97,Kharif,West Bengal,pigeonpeas
115.29,24.33,56.31,30.87,82.3,6.44,46.78,Zaid,Tamil Nadu,watermelon
7.96,74.87,20.81,22.22,64.52,6.93,52.64,Rabi,Andhra Pradesh,lentil
29.96,68.18,6.46,26.83,81.29,6.79,50.2,Kharif,West Bengal,mungbean
41.24,57.96,80.13,25.74,20.33,6.44,70.7,Rabi,Madhya Pradesh,chickpea
102.7,39.29,48.14,28.21,83.16,6.29,240.81,Kharif,Punjab,rice
71.25,50.11,43.91,19.64,81.39,6.6,272.37,Kharif,Madhya Pradesh,rice
13.18,108.56,190.08,27.62,91.31,6.69,153.72,Rabi,West Bengal,apple
39.53,81.96,24.94,36.44,59.14,6.61,88.36,Kharif,Uttar Pradesh,blackgram
15.43,123.43,191.19,19.48,92.99,5.84,112.96,Rabi,Madhya Pradesh,apple
21.17,134.12,204.88,23.05,93.61,5.94,143.38,Rabi,Telangana,apple
41.7,50.5,12.84,29.37,65.25,6.62,59.26,Kharif,Maharashtra,blackgram
68.26,61.69,66.19,32.67,84.57,7.75,148.28,Annual,Punjab,papaya
28.82,141.64,210.0,27.11,93.2,5.8,92.83,Rabi,Kerala,apple
33.98,136.35,198.55,29.52,87.25,6.48,15.0,Annual,West Bengal,grapes
11.53,26.86,30.52,32.85,55.57,5.74,116.9,Annual,Kerala,mango
32.01,69.79,31.77,29.46,61.71,7.21,52.95,Kharif,Andhra Pradesh,blackgram
67.61,19.61,39.17,26.22,79.19,7.22,58.27,Zaid,West Bengal,watermelon
78.04,22.22,43.9,27.65,83.15,5.85,228.18,Kharif,Karnataka,jute
14.79,67.66,23.16,18.97,19.1,5.25,118.32,Kharif,Tamil Nadu,kidneybeans
17.05,120.78,193.59,27.62,96.45,6.31,96.27,Rabi,Karnataka,apple
14.1,23.75,55.17,20.92,93.98,6.67,107.33,Annual,Karnataka,pomegranate
117.99,39.3,11.6,22.72,81.98,6.82,62.37,Kharif,Andhra Pradesh,cotton
26.47,63.08,17.69,20.04,37.44,5.96,145.86,Kharif,Kerala,pigeonpeas
15.29,10.73,50.74,19.47,91.59,5.6,107.63,Annual,Tamil Nadu,pomegranate
47.43,49.62,34.32,31.48,86.93,7.5,155.98,Annual,Kerala,papaya
106.01,41.69,51.15,26.15,81.34,6.34,300.0,Kharif,Tamil Nadu,rice
80.42,49.19,37.7,24.67,78.58,7.45,164.6,Kharif,Maharashtra,jute
16.59,33.51,19.03,26.32,56.25,4.86,184.86,Kharif,Madhya Pradesh,pigeonpeas
101.86,59.98,35.41,23.73,83.57,6.1,268.08,Kharif,West Bengal,rice
23.12,68.31,16.04,30.31,32.4,5.77,133.08,Kharif,Karnataka,pigeonpeas
18.58,150.0,204.75,24.06,76.34,6.3,60.83,Annual,Uttar Pradesh,grapes
81.42,47.85,26.97,20.78,48.53,6.87,91.42,Kharif,Karnataka,maize
22.19,17.81,20.43,28.44,60.23,6.52,98.92,Annual,Kerala,mango
37.6,80.44,57.08,14.88,10.81,7.27,67.69,Rabi,Telangana,chickpea
27.35,43.99,17.35,23.89,58.96,7.14,76.78,Kharif,West Bengal,mothbeans
25.55,100.9,210.0,27.89,78.86,5.61,46.46,Annual,Kerala,grapes
88.76,15.44,47.75,27.86,80.56,5.45,25.93,Zaid,Andhra Pradesh,watermelon
21.56,11.87,29.69,26.76,95.22,5.52,179.82,Annual,Punjab,coconut
30.97,51.01,12.83,33.43,49.48,6.67,71.56,Kharif,Madhya Pradesh,mothbeans
101.2,18.84,49.43,24.64,94.05,6.33,15.0,Zaid,Maharashtra,muskmelon
131.96,42.07,14.28,26.69,67.74,7.27,65.74,Kharif,Uttar Pradesh,cotton
96.58,53.28,37.03,25.2,78.51,6.6,182.87,Kharif,Maharashtra,rice
101.76,25.17,24.53,28.53,90.51,5.74,25.82,Zaid,West Bengal,muskmelon
73.63,50.79,29.59,23.32,45.92,6.41,98.88,Kharif,Telangana,maize
30.83,10.63,45.82,23.35,100.0,6.03,133.65,Annual,Kerala,pomegranate
93.65,14.89,51.05,29.67,92.75,6.3,15.85,Zaid,Uttar Pradesh,muskmelon
126.31,49.35,34.4,26.4,74.2,6.08,233.98,Kharif,Andhra Pradesh,rice
26.88,119.9,191.96,25.39,79.72,5.72,40.16,Annual,Andhra Pradesh,grapes
94.8,60.05,24.3,21.76,80.96,7.39,81.11,Kharif,Maharashtra,cotton
105.53,22.78,52.67,29.98,88.41,6.56,41.08,Zaid,Madhya Pradesh,muskmelon
58.38,41.36,18.2,25.11,81.98,6.62,277.51,Kharif,Maharashtra,rice
26.24,30.52,29.93,26.77,38.97,7.6,48.99,Kharif,Karnataka,mothbeans
93.8,10.25,60.32,28.07,95.79,7.06,30.21,Zaid,Kerala,muskmelon
119.53,16.36,68.55,26.7,93.71,6.81,36.95,Zaid,Madhya Pradesh,muskmelon
20.23,41.96,17.37,26.48,36.54,6.99,53.47,Kharif,Kerala,mothbeans
23.19,58.5,24.58,19.13,26.19,6.16,116.77,Kharif,Kerala,kidneybeans
22.47,30.13,18.49,27.09,90.14,5.78,44.28,Kharif,Kerala,mungbean
9.2,2.07,53.32,27.13,94.61,5.89,154.31,Annual,Uttar Pradesh,coconut
45.73,40.87,22.62,20.83,63.21,6.39,100.45,Kharif,Telangana,maize
87.13,33.08,18.65,28.17,66.15,5.4,101.39,Kharif,Punjab,maize
24.18,64.92,17.28,22.11,75.08,7.44,42.48,Rabi,Madhya Pradesh,lentil
99.78,23.86,57.01,28.63,72.32,7.0,55.03,Zaid,Maharashtra,watermelon
23.72,60.82,89.17,26.75,21.69,6.57,70.35,Rabi,Tamil Nadu,chickpea
12.87,20.3,3.38,18.96,95.59,6.33,129.11,Annual,Karnataka,orange
19.31,15.25,39.33,20.82,88.21,6.01,126.63,Annual,Punjab,pomegranate
102.1,11.45,50.79,29.54,90.94,6.58,17.04,Zaid,Madhya Pradesh,muskmelon
28.34,77.55,28.17,10.68,78.87,7.22,81.92,Rabi,Karnataka,lentil
108.7,19.37,37.42,25.0,65.54,6.42,141.62,Annual,Madhya Pradesh,coffee
100.52,25.5,51.92,25.2,92.23,7.04,29.98,Zaid,West Bengal,muskmelon
41.86,78.79,79.46,14.38,22.8,7.11,81.84,Rabi,Karnataka,chickpea
85.59,32.78,40.45,24.61,91.25,6.09,25.06,Zaid,Maharashtra,muskmelon
20.8,47.05,20.93,15.2,18.35,6.32,114.44,Kharif,Maharashtra,kidneybeans
55.72,56.87,39.92,31.58,93.04,6.42,168.65,Annual,Tamil Nadu,papaya
88.18,42.76,26.54,27.32,76.23,6.71,187.28,Kharif,Karnataka,jute
29.61,15.61,3.95,24.62,98.89,6.05,110.79,Annual,Kerala,orange
18.71,150.0,202.78,15.65,74.45,5.59,84.01,Annual,Tamil Nadu,grapes
24.79,45.2,12.04,28.68,63.13,7.02,52.5,Kharif,Uttar Pradesh,mothbeans
35.91,65.49,93.71,20.08,10.0,7.57,65.3,Rabi,Kerala,chickpea
114.01,29.69,20.56,19.3,56.78,5.78,58.57,Kharif,Punjab,maize
131.77,55.64,11.6,21.58,82.67,7.39,39.75,Kharif,Punjab,cotton
97.63,15.5,48.91,25.09,84.72,6.28,61.47,Zaid,Punjab,watermelon
78.63,34.69,37.71,22.19,57.67,6.32,91.3,Kharif,Uttar Pradesh,maize
15.23,64.27,17.22,28.4,48.13,7.63,48.43,Kharif,Maharashtra,mothbeans
92.18,29.6,45.69,25.22,97.28,6.37,24.36,Zaid,Andhra Pradesh,muskmelon
38.23,60.47,57.0,15.47,22.77,6.25,59.67,Rabi,Uttar Pradesh,chickpea
11.01,65.07,13.41,28.5,29.92,4.74,191.17,Kharif,West Bengal,pigeonpeas
101.19,50.24,22.32,24.63,61.33,6.44,75.73,Kharif,Telangana,maize
101.01,3.19,44.7,27.65,95.8,6.84,15.36,Zaid,Punjab,muskmelon
74.1,99.55,56.18,24.4,77.07,5.22,97.15,Annual,Karnataka,banana
75.25,21.39,43.56,30.19,91.95,6.19,21.13,Zaid,Tamil Nadu,muskmelon
85.8,25.88,42.27,24.91,77.78,6.51,32.66,Zaid,Punjab,watermelon
106.47,38.22,35.26,25.14,84.67,7.15,83.23,Kharif,Telangana,cotton
20.81,6.4,2.99,29.56,92.15,5.15,185.95,Annual,Kerala,coconut
79.41,51.04,52.04,25.48,78.1,6.3,182.36,Kharif,Andhra Pradesh,jute
36.55,32.55,72.54,17.9,10.88,7.38,73.88,Rabi,Maharashtra,chickpea
24.39,18.67,33.68,21.81,92.69,6.51,87.38,Annual,Kerala,pomegranate
15.99,66.65,35.39,25.7,50.92,6.8,133.5,Kharif,Telangana,pigeonpeas
48.11,76.16,48.98,31.93,90.92,6.5,128.25,Annual,Kerala,papaya
150.0,55.52,22.81,21.68,80.94,6.4,97.74,Kharif,Tamil Nadu,cotton
63.29,8.32,75.59,23.86,77.86,6.51,36.53,Zaid,Kerala,watermelon
20.37,133.61,190.36,22.03,88.67,5.92,64.61,Annual,Uttar Pradesh,grapes
19.22,20.48,31.37,26.91,89.78,5.23,157.49,Annual,Karnataka,coconut
29.59,55.63,2.89,33.22,67.94,7.09,37.15,Kharif,Telangana,blackgram
93.53,30.76,44.46,22.58,75.59,6.49,239.67,Kharif,West Bengal,rice
49.49,62.75,49.07,31.92,95.5,6.91,179.9,Annual,Telangana,papaya
24.87,11.74,25.33,21.25,83.01,6.24,94.82,Annual,Telangana,pomegranate
21.94,146.12,207.78,19.5,75.66,6.11,75.15,Annual,West Bengal,grapes
14.62,30.96,32.6,29.23,51.29,5.48,87.84,Annual,Tamil Nadu,mango
77.18,24.11,53.66,25.17,90.62,6.37,40.73,Zaid,Madhya Pradesh,watermelon
23.28,71.97,13.39,20.15,21.68,5.17,101.6,Kharif,Kerala,kidneybeans
16.08,50.46,9.77,19.21,14.26,5.96,78.96,Kharif,Punjab,kidneybeans
38.3,65.16,88.83,14.57,11.95,7.44,73.0,Rabi,Karnataka,chickpea
41.17,38.09,64.13,17.85,12.01,7.5,81.11,Rabi,Tamil Nadu,chickpea
44.33,63.67,40.47,36.4,94.16,6.36,139.57,Annual,Maharashtra,papaya
105.92,15.71,45.0,27.41,85.78,5.68,37.47,Zaid,Kerala,muskmelon
88.72,77.08,61.91,30.28,75.36,5.69,92.69,Annual,Tamil Nadu,banana
80.23,36.67,38.96,24.31,79.95,7.35,180.0,Kharif,Andhra Pradesh,jute
19.33,65.56,30.83,29.65,39.24,5.48,164.85,Kharif,Andhra Pradesh,pigeonpeas
5.78,84.95,21.28,18.87,56.72,7.28,44.96,Rabi,Telangana,lentil
77.5,29.1,19.27,21.65,79.71,6.08,300.0,Kharif,Tamil Nadu,rice
25.48,48.23,19.54,26.83,44.05,7.16,32.43,Kharif,West Bengal,mothbeans
83.6,44.13,58.63,23.66,90.77,7.2,195.8,Kharif,Tamil Nadu,jute
26.9,27.17,46.6,29.93,96.64,5.39,174.79,Annual,Kerala,coconut
13.4,57.37,23.68,18.14,81.65,7.53,64.64,Rabi,Telangana,lentil
80.03,42.82,14.41,23.64,50.22,6.17,96.25,Kharif,Telangana,maize
104.27,15.57,41.73,28.31,89.98,6.42,35.98,Zaid,Uttar Pradesh,muskmelon
32.14,58.8,93.2,22.7,20.36,7.17,86.47,Rabi,Uttar Pradesh,chickpea
12.89,131.82,210.0,31.42,81.47,6.41,75.98,Annual,Uttar Pradesh,grapes
16.57,15.99,12.31,28.17,97.67,5.8,178.34,Annual,Karnataka,coconut
114.92,23.65,26.05,20.49,57.77,6.94,105.61,Annual,Tamil Nadu,coffee
90.64,35.88,50.42,24.64,58.76,6.37,137.01,Annual,West Bengal,coffee
114.01,62.06,25.77,24.12,81.32,6.83,81.04,Kharif,Telangana,cotton
102.87,43.09,27.24,21.6,77.4,6.4,235.7,Kharif,Telangana,rice
9.18,19.25,14.21,23.23,96.58,6.56,94.5,Annual,Tamil Nadu,orange
10.16,120.89,181.3,16.8,79.18,5.97,87.71,Annual,Karnataka,grapes
29.23,140.14,207.41,28.63,86.11,5.95,84.85,Annual,Tamil Nadu,grapes
13.52,76.86,29.53,33.05,66.04,5.87,140.66,Kharif,Andhra Pradesh,pigeonpeas
82.21,35.3,23.48,20.88,67.08,6.38,15.0,Kharif,Karnataka,maize
131.16,97.36,35.88,28.35,77.58,6.01,85.69,Annual,Kerala,banana
39.99,38.18,84.29,27.78,26.46,8.22,54.6,Rabi,Uttar Pradesh,chickpea
95.71,83.88,62.89,24.54,87.26,6.28,94.26,Annual,Andhra Pradesh,banana
13.26,44.63,16.66,27.0,78.48,7.4,28.66,Kharif,Uttar Pradesh,mungbean
28.35,0.0,10.52,20.54,84.3,5.87,98.64,Annual,Karnataka,orange
121.62,11.15,52.26,25.74,85.43,6.55,50.56,Zaid,Uttar Pradesh,watermelon
38.03,44.13,46.43,35.13,93.78,7.58,155.88,Annual,West Bengal,papaya
17.66,87.93,23.75,16.37,62.01,7.47,58.85,Rabi,Karnataka,lentil
28.73,7.08,9.11,21.82,88.92,6.55,96.0,Annual,Tamil Nadu,orange
31.44,150.0,204.84,21.62,80.19,5.83,64.59,Annual,Karnataka,grapes
24.88,64.48,21.33,28.43,36.45,5.35,83.7,Kharif,Kerala,pigeonpeas
63.65,48.28,57.27,20.4,86.32,6.07,227.55,Kharif,Tamil Nadu,rice
26.94,49.51,37.84,31.75,67.49,8.2,61.37,Kharif,Punjab,mothbeans
19.86,56.68,18.61,18.28,20.09,5.78,76.13,Kharif,Uttar Pradesh,kidneybeans
19.4,8.69,27.34,28.64,90.93,5.98,173.61,Annual,Punjab,coconut
23.25,21.53,33.92,22.9,88.01,6.18,94.35,Annual,Karnataka,pomegranate
43.64,41.39,11.91,23.41,68.35,6.2,70.48,Kharif,Telangana,blackgram
30.45,58.21,19.15,23.81,78.47,6.79,58.24,Kharif,Tamil Nadu,mungbean
43.85,66.13,80.13,19.77,13.54,7.08,104.59,Rabi,Maharashtra,chickpea
23.43,77.93,17.25,30.12,48.5,5.35,142.26,Kharif,Tamil Nadu,pigeonpeas
35.36,70.82,77.12,21.46,26.39,7.55,39.53,Rabi,Andhra Pradesh,chickpea
34.7,44.1,28.79,25.17,87.1,5.53,33.18,Kharif,Madhya Pradesh,mungbean
18.34,24.36,28.55,15.47,91.75,5.9,103.69,Annual,Kerala,pomegranate
26.83,53.22,9.61,24.49,81.56,6.79,19.52,Kharif,Andhra Pradesh,mungbean
25.25,56.27,20.32,17.06,11.49,5.34,136.36,Kharif,Andhra Pradesh,kidneybeans
17.13,16.07,34.88,23.77,91.0,6.92,131.73,Annual,Maharashtra,pomegranate
88.44,30.51,31.81,25.14,49.15,6.02,129.94,Annual,Uttar Pradesh,coffee
99.14,83.21,49.82,23.62,76.65,5.65,69.87,Annual,Punjab,banana
25.23,52.05,5.55,18.31,52.45,7.66,22.05,Rabi,Kerala,lentil
81.53,32.51,42.09,22.02,83.79,7.0,17.5,Zaid,Punjab,watermelon
84.2,87.83,50.32,23.35,72.9,5.76,73.85,Annual,Uttar Pradesh,banana
29.23,24.53,24.77,25.15,86.5,5.76,147.67,Annual,Kerala,coconut
23.1,61.93,17.16,17.29,88.67,6.57,15.0,Rabi,Kerala,lentil
25.51,27.52,48.69,36.87,49.71,5.69,83.36,Annual,Kerala,mango
21.45,78.53,23.18,16.97,63.61,7.89,48.77,Rabi,Madhya Pradesh,lentil
117.54,38.39,12.43,18.47,67.3,7.28,161.41,Annual,Telangana,coffee
114.17,32.78,42.49,30.46,73.74,5.69,213.06,Kharif,Punjab,rice
28.03,44.85,6.19,30.85,55.79,7.25,72.05,Kharif,Tamil Nadu,blackgram
17.32,39.81,23.72,31.05,62.91,6.38,64.98,Kharif,Kerala,mothbeans
19.93,125.28,202.58,21.16,83.56,6.02,60.74,Annual,Madhya Pradesh,grapes
91.75,5.43,49.58,24.85,90.68,6.5,15.0,Zaid,Telangana,muskmelon
95.1,24.08,41.27,24.04,58.89,6.72,167.68,Annual,Karnataka,coffee
101.04,15.78,47.5,23.03,93.55,5.85,15.0,Zaid,Madhya Pradesh,muskmelon
88.35,48.53,47.67,25.36,82.65,6.53,227.63,Kharif,Uttar Pradesh,rice
41.55,66.2,15.39,29.98,81.23,7.71,74.56,Kharif,Punjab,blackgram
10.22,36.12,23.23,24.66,88.7,6.37,31.8,Kharif,Tamil Nadu,mungbean
29.6,66.55,26.07,32.15,88.83,7.55,77.76,Kharif,Telangana,mungbean
22.29,38.63,20.58,26.57,69.14,7.07,60.05,Kharif,West Bengal,mothbeans
73.25,68.61,35.13,20.86,74.5,5.53,93.43,Annual,West Bengal,banana
6.37,49.14,10.34,19.55,73.61,6.01,36.76,Rabi,Maharashtra,lentil
28.72,53.76,12.75,19.38,20.57,4.86,112.5,Kharif,Tamil Nadu,kidneybeans
97.53,21.53,31.22,25.63,52.32,6.59,160.42,Annual,Andhra Pradesh,coffee
11.52,117.65,196.57,19.67,88.48,6.58,81.33,Rabi,Andhra Pradesh,apple
91.04,22.51,40.1,23.93,82.27,6.82,47.69,Zaid,Telangana,watermelon
20.9,22.56,5.89,22.38,92.74,6.54,75.85,Annual,West Bengal,orange
129.07,17.41,32.62,25.98,91.03,6.56,36.48,Zaid,Uttar Pradesh,watermelon
20.17,8.24,56.82,21.13,89.51,7.2,104.68,Annual,Kerala,pomegranate
10.14,51.24,16.01,24.74,50.11,6.57,45.12,Kharif,Punjab,mothbeans
24.43,37.51,21.09,32.47,44.69,6.87,47.1,Kharif,Telangana,mothbeans
95.94,26.37,29.08,26.22,61.46,7.92,197.04,Annual,Telangana,coffee
20.85,9.67,13.63,24.94,96.81,7.05,76.48,Annual,Kerala,orange
17.3,28.43,32.76,26.96,41.75,5.79,96.99,Annual,West Bengal,mango
20.31,21.71,51.85,24.32,84.44,5.73,162.9,Annual,Maharashtra,coconut
24.24,16.8,28.28,27.72,97.24,6.51,175.82,Annual,Tamil Nadu,coconut
30.28,7.75,22.52,23.34,97.93,6.65,133.16,Annual,Andhra Pradesh,coconut
22.18,57.46,17.77,28.77,44.51,5.91,197.78,Kharif,Madhya Pradesh,pigeonpeas
80.91,42.5,9.39,23.91,79.03,6.51,89.24,Kharif,Punjab,maize
96.82,33.9,35.28,25.79,82.26,6.08,225.86,Kharif,Madhya Pradesh,rice
72.16,41.94,41.73,24.27,85.99,7.77,160.8,Kharif,Andhra Pradesh,jute
29.05,67.26,21.6,27.48,27.82,5.76,129.95,Kharif,Karnataka,pigeonpeas
94.09,37.86,26.83,27.51,83.75,7.15,246.81,Kharif,Kerala,rice
78.77,30.85,19.48,26.45,45.55,6.87,115.73,Annual,Uttar Pradesh,coffee
21.48,93.58,23.51,22.45,56.43,7.16,34.16,Rabi,Maharashtra,lentil
19.54,12.99,19.15,24.31,91.75,5.4,214.89,Annual,Karnataka,coconut
9.64,13.27,24.81,26.06,95.22,5.7,124.87,Annual,Uttar Pradesh,coconut
9.46,138.88,197.31,24.15,82.24,6.48,84.67,Annual,Uttar Pradesh,grapes
38.95,71.67,16.35,28.19,64.2,7.83,70.45,Kharif,Tamil Nadu,blackgram
23.55,73.19,12.19,14.06,67.1,6.65,72.57,Rabi,Telangana,lentil
69.83,45.32,43.31,16.89,65.59,5.72,99.44,Kharif,Uttar Pradesh,maize
17.6,76.51,29.86,17.81,19.74,5.64,99.88,Kharif,West Bengal,kidneybeans
29.19,36.62,43.8,32.38,68.88,5.39,137.48,Annual,Karnataka,mango
32.36,56.92,16.21,13.24,16.45,4.95,117.64,Kharif,Karnataka,kidneybeans
19.61,10.29,20.36,26.52,95.41,5.77,145.29,Annual,Punjab,coconut
25.43,150.0,210.0,26.89,72.52,5.47,72.49,Annual,Kerala,grapes
13.39,22.3,34.93,22.38,91.51,6.43,120.89,Annual,West Bengal,pomegranate
94.6,55.57,42.52,29.74,76.19,6.5,83.58,Annual,Karnataka,banana
9.34,144.96,210.0,23.56,87.97,5.47,113.94,Rabi,Karnataka,apple
116.57,41.71,25.01,22.56,83.79,7.2,72.5,Kharif,Karnataka,cotton
75.78,4.49,43.72,24.92,82.52,6.76,66.33,Zaid,Kerala,watermelon
91.6,98.0,56.96,24.32,89.41,5.94,77.65,Annual,Uttar Pradesh,banana
26.65,73.73,17.57,21.8,58.02,6.24,15.0,Rabi,Punjab,lentil
52.32,53.09,34.33,29.02,84.46,6.89,159.94,Annual,Maharashtra,papaya
9.94,19.77,36.37,20.7,93.46,6.89,132.97,Annual,Maharashtra,pomegranate
91.02,11.39,47.5,30.7,96.42,6.77,28.36,Zaid,Punjab,muskmelon
25.73,14.99,33.81,29.22,93.39,6.01,206.24,Annual,Andhra Pradesh,coconut
14.54,31.24,50.3,33.46,58.98,5.51,97.09,Annual,Kerala,mango
42.91,64.01,7.58,34.66,73.03,6.93,65.57,Kharif,Karnataka,blackgram
108.1,90.83,41.1,29.2,87.29,5.82,97.17,Annual,Karnataka,banana
29.81,20.32,4.02,17.41,86.22,6.03,137.55,Annual,Kerala,orange
16.61,43.49,40.06,25.69,82.21,8.35,56.32,Kharif,Andhra Pradesh,mungbean
58.55,47.16,35.56,37.45,89.06,6.84,139.94,Annual,Uttar Pradesh,papaya
14.54,59.51,26.17,26.83,51.93,6.75,50.47,Kharif,Tamil Nadu,mothbeans
93.39,32.25,15.05,21.37,58.47,6.65,100.72,Kharif,Kerala,maize
27.09,53.17,25.36,24.87,48.17,6.51,174.22,Kharif,Karnataka,pigeonpeas
92.78,11.28,20.89,26.58,62.19,6.54,140.11,Annual,Karnataka,coffee
30.11,50.65,21.11,25.61,52.5,7.42,80.27,Kharif,Andhra Pradesh,blackgram
32.35,0.0,40.34,25.73,96.12,6.1,174.07,Annual,Punjab,coconut
26.08,11.77,14.35,21.67,96.59,7.21,88.13,Annual,Andhra Pradesh,orange
17.4,56.72,23.74,20.36,61.29,7.89,33.97,Rabi,Madhya Pradesh,lentil
43.69,61.79,25.27,33.74,63.95,7.96,60.83,Kharif,Andhra Pradesh,blackgram
65.04,2.01,53.83,27.21,86.25,5.98,15.76,Zaid,Madhya Pradesh,muskmelon
36.69,80.33,8.58,33.93,64.82,7.26,64.07,Kharif,Madhya Pradesh,blackgram
40.05,64.45,60.05,26.71,88.31,6.85,96.89,Annual,Kerala,papaya
46.32,82.88,15.55,30.66,68.46,7.1,47.1,Kharif,Punjab,blackgram
14.46,20.61,48.21,16.55,87.01,6.43,117.6,Annual,Andhra Pradesh,pomegranate
22.19,19.49,33.57,27.89,96.84,5.72,177.19,Annual,Maharashtra,coconut
19.74,56.04,15.28,27.58,42.11,7.51,55.89,Kharif,Punjab,mothbeans
88.84,43.03,28.85,24.31,74.04,5.83,239.07,Kharif,Madhya Pradesh,rice
93.62,18.42,27.34,28.3,67.91,7.71,154.08,Annual,Punjab,coffee
17.93,45.35,15.81,26.96,70.11,6.3,35.87,Kharif,Maharashtra,mothbeans
20.04,86.38,26.0,28.23,47.34,5.49,152.27,Kharif,Madhya Pradesh,pigeonpeas
66.85,37.42,37.95,27.21,72.67,6.55,207.75,Kharif,Maharashtra,jute
5.07,32.18,22.91,23.37,95.33,6.38,105.81,Annual,Tamil Nadu,orange
59.89,47.7,4.85,24.87,75.6,6.34,89.27,Kharif,Uttar Pradesh,maize
76.67,44.29,43.34,25.15,78.17,6.56,259.58,Kharif,Andhra Pradesh,rice
25.57,25.61,8.47,21.95,87.49,6.43,114.6,Annual,Punjab,orange
41.14,67.21,103.41,14.92,16.84,7.45,60.27,Rabi,Andhra Pradesh,chickpea
79.97,46.5,38.72,25.65,81.37,6.5,159.11,Kharif,Punjab,jute
81.86,16.71,46.65,29.03,98.44,6.5,15.62,Zaid,Punjab,muskmelon
90.77,30.31,42.48,24.91,85.18,7.26,151.44,Kharif,Madhya Pradesh,jute
40.28,45.8,96.92,17.27,29.19,7.28,95.56,Rabi,Maharashtra,chickpea
19.06,10.46,39.49,20.02,91.74,6.41,79.8,Annual,Uttar Pradesh,pomegranate
17.64,16.77,45.31,29.1,97.17,5.36,145.5,Annual,Madhya Pradesh,coconut
16.6,115.16,203.42,18.3,87.82,5.81,94.33,Annual,Madhya Pradesh,grapes
15.03,61.79,15.39,18.64,23.29,5.77,126.73,Kharif,West Bengal,kidneybeans
115.49,9.63,40.25,29.57,88.81,6.16,15.0,Zaid,Tamil Nadu,muskmelon
19.74,74.51,22.09,20.07,63.35,6.55,39.97,Rabi,Madhya Pradesh,lentil
31.39,116.38,189.67,21.27,81.92,5.93,62.66,Annual,Telangana,grapes
23.01,57.71,1.23,27.13,49.94,7.38,73.57,Kharif,Telangana,mothbeans
78.77,36.89,13.75,28.29,61.4,6.72,163.63,Annual,Kerala,coffee
22.6,105.43,174.75,22.29,87.28,5.95,115.92,Rabi,Uttar Pradesh,apple
115.55,88.3,39.83,29.99,74.49,5.42,73.16,Annual,Maharashtra,banana
79.18,48.16,39.03,31.28,89.87,6.35,199.48,Kharif,Karnataka,rice
19.65,10.0,35.34,26.46,93.76,5.6,218.12,Annual,Uttar Pradesh,coconut
25.35,24.48,33.26,25.26,92.02,6.15,193.0,Annual,West Bengal,coconut
112.57,8.61,47.33,29.04,98.45,6.4,22.57,Zaid,Kerala,muskmelon
23.7,15.93,38.61,27.64,95.53,6.59,195.69,Annual,Kerala,coconut
33.03,47.19,21.41,26.55,84.92,6.09,47.45,Kharif,Uttar Pradesh,mungbean
90.15,65.21,48.34,28.9,76.07,5.86,99.49,Annual,Tamil Nadu,banana
30.85,74.25,16.17,32.48,61.86,7.42,72.69,Kharif,Tamil Nadu,blackgram
105.31,1.43,56.33,23.29,97.42,6.48,20.37,Zaid,Punjab,muskmelon
9.23,11.52,11.63,23.25,86.22,6.1,80.38,Annual,Madhya Pradesh,orange
14.62,150.0,207.08,20.13,83.54,5.74,70.5,Annual,Punjab,grapes
20.25,64.79,17.82,25.44,48.73,5.82,118.55,Kharif,Tamil Nadu,pigeonpeas
30.37,66.93,18.4,23.52,65.58,5.29,128.24,Kharif,Karnataka,pigeonpeas
35.29,73.87,66.06,16.38,17.92,7.78,99.76,Rabi,Karnataka,chickpea
128.55,70.59,62.97,23.54,83.27,6.18,92.24,Annual,Telangana,banana
79.23,67.77,46.73,23.18,81.54,5.72,109.63,Annual,Maharashtra,banana
21.95,37.32,20.27,20.18,42.15,6.82,62.69,Kharif,Maharashtra,mothbeans
35.93,59.93,14.67,24.8,64.59,4.39,119.92,Kharif,Andhra Pradesh,pigeonpeas
82.65,54.09,40.31,25.84,82.07,6.33,247.0,Kharif,Karnataka,rice
46.88,71.55,82.91,22.23,16.74,7.51,60.48,Rabi,Andhra Pradesh,chickpea
98.64,92.66,30.05,26.98,75.25,5.48,111.53,Annual,Uttar Pradesh,banana
62.51,62.7,68.62,30.53,100.0,6.52,195.1,Annual,Madhya Pradesh,papaya
96.53,21.0,17.84,24.59,53.71,6.61,173.49,Annual,West Bengal,coffee
88.78,27.94,23.84,26.45,79.39,5.17,261.39,Kharif,Kerala,rice
82.29,16.13,60.57,26.32,87.55,6.45,44.97,Zaid,West Bengal,watermelon
1.2,49.46,29.21,29.09,58.85,6.59,22.08,Kharif,Madhya Pradesh,mothbeans
10.31,9.03,19.14,24.63,86.95,6.22,118.12,Annual,Tamil Nadu,orange
96.37,79.94,40.0,24.2,70.87,5.65,80.27,Annual,Telangana,banana
84.27,33.04,44.87,23.59,82.06,6.39,247.86,Kharif,Karnataka,rice
25.93,18.02,9.35,17.31,90.69,6.46,90.16,Annual,Karnataka,orange
79.58,41.93,37.65,21.9,66.38,6.63,87.45,Kharif,Punjab,maize
46.11,70.87,11.45,29.64,65.06,6.67,75.37,Kharif,Kerala,blackgram
44.56,71.45,18.28,25.72,69.52,7.41,83.41,Kharif,Kerala,blackgram
23.0,29.45,23.7,24.07,79.85,6.2,141.81,Annual,Maharashtra,pomegranate
82.33,54.72,48.96,28.22,80.97,7.4,201.44,Kharif,West Bengal,jute
81.46,48.18,28.93,28.17,81.98,6.75,177.13,Kharif,Andhra Pradesh,jute
31.86,23.83,32.73,28.54,90.54,5.87,207.37,Annual,Andhra Pradesh,coconut
105.05,56.32,24.47,26.04,88.57,6.74,69.02,Kharif,Punjab,cotton
111.89,83.73,54.2,21.54,81.46,5.28,64.37,Annual,West Bengal,banana
8.07,10.56,0.33,18.11,94.68,5.82,116.25,Annual,Telangana,orange
22.16,18.76,29.57,23.01,98.99,5.75,159.56,Annual,West Bengal,coconut
19.53,7.48,35.61,28.45,93.18,5.61,189.92,Annual,West Bengal,coconut
23.09,23.53,21.07,30.33,34.36,5.49,89.74,Annual,West Bengal,mango
25.0,66.2,16.4,28.38,46.39,6.87,23.39,Kharif,Telangana,mothbeans
69.46,14.63,58.01,25.46,91.04,6.64,40.18,Zaid,Tamil Nadu,muskmelon
13.72,62.35,9.4,32.85,42.83,6.8,42.65,Kharif,Maharashtra,mothbeans
13.75,54.67,26.15,19.33,23.73,5.94,105.92,Kharif,Punjab,kidneybeans
25.13,150.0,205.59,26.06,90.34,5.82,135.9,Rabi,Telangana,apple
9.93,27.01,41.99,30.92,43.67,4.63,114.05,Annual,Andhra Pradesh,mango
43.59,75.86,76.31,17.59,27.24,7.41,91.1,Rabi,Uttar Pradesh,chickpea
20.08,60.1,23.16,14.36,25.28,5.21,137.85,Kharif,Karnataka,kidneybeans
15.97,77.32,20.63,22.19,62.14,8.42,36.53,Rabi,Karnataka,lentil
19.89,36.17,16.84,30.78,86.27,5.96,62.77,Kharif,Kerala,mungbean
77.12,45.18,56.6,27.24,76.49,6.84,232.57,Kharif,Maharashtra,jute
73.35,38.31,45.7,23.51,72.66,7.44,198.18,Kharif,Uttar Pradesh,jute
5.53,32.06,23.07,29.53,48.27,5.89,65.29,Annual,Tamil Nadu,mango
48.29,33.03,65.99,37.66,92.56,6.09,154.39,Annual,Andhra Pradesh,papaya
20.77,38.08,8.22,28.47,61.8,6.16,105.81,Annual,Andhra Pradesh,mango
114.08,23.97,76.77,28.65,84.56,6.14,46.08,Zaid,Tamil Nadu,watermelon
35.77,66.43,75.21,18.91,16.88,6.97,88.82,Rabi,Karnataka,chickpea
92.52,32.5,38.01,25.97,56.98,6.7,183.29,Annual,Andhra Pradesh,coffee
20.71,66.59,44.52,14.96,64.0,6.19,39.18,Rabi,Telangana,lentil
96.56,96.78,44.9,29.85,76.87,5.59,121.49,Annual,Telangana,banana
14.13,57.25,25.86,15.0,23.14,6.17,103.24,Kharif,Uttar Pradesh,kidneybeans
22.67,150.0,183.28,20.73,98.18,5.11,110.93,Rabi,Punjab,apple
12.97,14.94,3.58,21.71,94.85,5.85,115.86,Annual,Telangana,orange
15.62,3.5,9.5,21.03,94.84,6.76,125.3,Annual,Maharashtra,orange
24.89,150.0,190.35,19.76,90.85,6.03,83.79,Rabi,Telangana,apple
24.54,60.52,17.85,21.63,60.65,5.92,25.48,Rabi,Punjab,lentil
63.9,57.01,51.35,22.05,82.85,6.59,173.49,Kharif,Telangana,jute
22.7,47.21,26.19,29.99,85.84,6.02,76.86,Kharif,Maharashtra,mungbean
28.55,33.29,24.56,26.7,40.76,5.92,93.21,Annual,Punjab,mango
130.31,14.77,50.19,25.29,95.55,6.18,35.23,Zaid,Andhra Pradesh,muskmelon
15.3,33.07,32.74,28.9,83.87,7.08,57.07,Kharif,Kerala,mungbean
39.18,70.82,10.1,26.95,63.72,7.0,97.55,Kharif,Tamil Nadu,blackgram
108.08,41.72,16.16,23.03,78.45,5.78,81.95,Kharif,Tamil Nadu,cotton
15.72,10.18,22.36,23.64,100.0,5.72,153.54,Annual,Karnataka,coconut
7.6,43.73,22.71,32.41,82.12,6.38,49.21,Kharif,Telangana,mungbean
17.97,30.28,45.79,30.18,54.41,6.14,91.07,Annual,Tamil Nadu,mango
80.22,46.9,23.78,22.46,71.15,6.62,89.6,Kharif,Kerala,maize
87.66,52.45,45.05,21.27,85.33,6.07,171.18,Kharif,Punjab,jute
16.12,58.28,22.87,15.32,10.0,6.0,115.38,Kharif,Andhra Pradesh,kidneybeans
15.29,14.35,31.58,21.94,91.67,6.89,87.85,Annual,Andhra Pradesh,pomegranate
12.12,63.74,7.94,18.99,55.41,5.42,176.17,Kharif,West Bengal,pigeonpeas
28.48,61.08,16.56,15.78,60.83,6.65,34.76,Rabi,Karnataka,lentil
17.25,53.01,32.0,31.57,48.95,6.89,38.27,Kharif,Uttar Pradesh,mothbeans
16.86,81.41,20.41,22.29,22.54,6.23,119.38,Kharif,Maharashtra,kidneybeans
23.2,60.59,14.18,24.37,27.02,6.21,116.53,Kharif,Madhya Pradesh,kidneybeans
33.05,61.87,27.58,33.46,58.83,6.86,102.72,Kharif,Punjab,blackgram
25.66,59.36,20.22,34.77,49.32,7.05,91.85,Kharif,Maharashtra,blackgram
31.45,68.38,24.63,17.59,19.09,5.72,77.35,Kharif,Kerala,kidneybeans
19.62,61.75,19.1,26.58,47.22,5.71,157.57,Kharif,Telangana,pigeonpeas
14.94,10.06,30.91,27.97,93.46,6.02,189.71,Annual,Telangana,coconut
13.67,29.37,56.84,32.65,49.26,5.37,68.13,Annual,Maharashtra,mango
23.62,46.86,18.46,27.69,84.89,7.37,49.71,Kharif,Kerala,mungbean
10.04,142.35,184.1,24.19,79.31,6.69,72.57,Annual,Maharashtra,grapes
37.24,53.6,37.5,27.49,60.99,6.91,71.43,Kharif,Karnataka,blackgram
74.01,59.91,27.68,22.57,82.37,6.53,187.14,Kharif,Punjab,jute
69.87,40.93,34.15,24.86,83.39,5.8,258.97,Kharif,Kerala,rice
24.52,50.45,21.06,28.48,54.02,5.2,148.05,Kharif,Andhra Pradesh,pigeonpeas
89.52,46.78,51.83,24.36,81.14,6.48,199.16,Kharif,Maharashtra,jute
114.72,24.76,72.12,22.71,92.99,7.14,46.52,Zaid,Karnataka,watermelon
72.21,73.3,20.8,25.11,59.9,6.99,61.98,Kharif,Andhra Pradesh,blackgram
39.29,125.51,200.44,27.59,71.15,5.91,61.4,Annual,West Bengal,grapes
27.95,47.09,26.09,27.13,52.92,6.47,63.56,Kharif,Maharashtra,mothbeans
64.44,36.67,34.42,23.77,82.19,6.08,271.97,Kharif,Karnataka,rice
24.0,69.28,11.29,31.79,49.02,4.94,148.46,Kharif,West Bengal,pigeonpeas
103.67,34.16,15.85,23.18,71.11,6.81,193.2,Annual,Andhra Pradesh,coffee
134.86,59.21,27.4,23.46,92.74,6.98,84.82,Kharif,Telangana,cotton
142.42,29.04,43.48,20.5,66.16,6.89,161.74,Annual,Uttar Pradesh,coffee
34.28,57.69,21.35,30.42,38.13,5.53,155.38,Kharif,Kerala,pigeonpeas
34.66,75.67,73.5,17.22,10.0,8.18,91.51,Rabi,West Bengal,chickpea
58.93,51.23,19.25,19.56,72.51,6.41,53.39,Kharif,Tamil Nadu,maize
26.26,25.47,25.96,29.02,97.99,6.61,187.55,Annual,Punjab,coconut
96.21,61.16,19.37,23.23,84.95,5.57,289.04,Kharif,Telangana,rice
18.18,39.48,17.65,24.21,86.07,6.63,58.24,Kharif,West Bengal,mungbean
18.11,40.47,18.67,27.98,35.6,7.03,43.23,Kharif,Uttar Pradesh,mothbeans
34.15,50.36,12.7,25.82,66.75,7.36,50.42,Kharif,Karnataka,mothbeans
15.54,67.61,24.76,21.86,65.74,6.49,38.13,Rabi,Andhra Pradesh,lentil
53.79,79.42,20.64,29.64,59.39,7.01,74.64,Kharif,Maharashtra,blackgram
122.12,40.94,34.88,22.56,85.08,6.65,225.44,Kharif,Punjab,rice
100.95,81.86,68.53,27.01,76.76,6.14,84.59,Annual,Karnataka,banana
27.9,141.43,201.38,23.38,91.55,6.06,126.53,Rabi,Tamil Nadu,apple
84.63,26.34,32.17,26.02,59.17,5.84,157.08,Annual,Kerala,coffee
13.26,8.99,6.07,20.91,89.35,6.07,86.83,Annual,Telangana,orange
32.37,80.32,24.35,29.99,59.93,7.31,53.72,Kharif,Uttar Pradesh,blackgram
10.82,49.29,29.05,27.76,50.97,6.99,19.57,Kharif,Karnataka,mothbeans
11.82,54.47,32.85,31.17,46.64,5.82,125.5,Kharif,Maharashtra,pigeonpeas
7.07,34.94,28.24,31.49,56.12,5.86,118.3,Annual,Maharashtra,mango
27.17,148.13,207.34,24.9,85.69,5.86,83.7,Rabi,Madhya Pradesh,apple
46.75,64.9,56.45,37.75,92.33,6.55,112.32,Annual,Kerala,papaya
19.65,135.52,208.25,21.65,93.46,6.06,95.09,Rabi,Kerala,apple
96.76,14.0,39.61,26.3,92.54,5.95,17.89,Zaid,Kerala,muskmelon
38.38,63.3,18.6,29.07,69.32,7.17,65.73,Kharif,Uttar Pradesh,blackgram
33.42,62.74,16.45,21.29,16.67,5.5,105.2,Kharif,Andhra Pradesh,kidneybeans
102.63,50.54,63.28,24.38,71.98,6.84,211.69,Kharif,Maharashtra,rice
36.6,59.86,7.96,26.39,57.21,6.76,29.01,Kharif,Kerala,mothbeans
96.11,17.52,43.74,24.2,83.21,6.5,49.78,Zaid,Maharashtra,watermelon
30.14,24.55,25.54,27.06,92.58,6.12,170.14,Annual,Telangana,coconut
18.77,145.86,185.24,23.91,75.8,5.25,67.72,Annual,Kerala,grapes
18.1,43.29,9.47,24.89,47.69,7.37,49.5,Kharif,Uttar Pradesh,mothbeans
27.17,68.44,13.25,24.72,66.91,6.93,82.57,Kharif,Punjab,blackgram
42.55,50.77,25.33,28.93,67.25,7.03,66.24,Kharif,Telangana,blackgram
10.42,8.47,2.04,19.17,96.99,6.91,108.52,Annual,Karnataka,orange
45.94,139.9,202.05,25.11,73.84,5.68,96.15,Annual,Madhya Pradesh,grapes
15.18,53.16,34.9,29.42,87.83,7.04,28.09,Kharif,Andhra Pradesh,mungbean
7.71,9.18,34.6,26.34,95.84,6.07,142.05,Annual,Kerala,coconut
55.86,67.66,96.6,22.56,26.76,7.27,122.8,Rabi,Tamil Nadu,chickpea
78.27,69.35,42.26,33.71,93.92,7.27,175.35,Annual,Uttar Pradesh,papaya
24.99,108.77,210.0,19.52,90.23,6.04,110.49,Rabi,Karnataka,apple
94.02,36.87,35.85,23.16,81.3,6.63,236.28,Kharif,Telangana,rice
8.62,61.06,19.34,24.96,62.82,6.04,191.2,Kharif,Punjab,pigeonpeas
81.67,49.72,50.13,25.47,83.76,6.22,230.0,Kharif,Tamil Nadu,rice
52.96,52.14,30.88,24.83,81.48,7.23,221.06,Kharif,Telangana,jute
113.21,32.07,14.12,28.36,67.83,6.49,96.59,Kharif,Uttar Pradesh,cotton
20.1,75.66,26.32,13.73,12.39,5.42,83.87,Kharif,Telangana,kidneybeans
17.18,20.8,13.45,20.02,86.78,6.17,123.11,Annual,Karnataka,orange
21.3,45.74,11.76,27.89,89.97,6.17,44.38,Kharif,Andhra Pradesh,mungbean
25.16,137.87,185.06,17.37,82.55,6.21,80.95,Annual,Maharashtra,grapes
21.06,150.0,196.74,23.57,85.2,6.01,66.78,Annual,Andhra Pradesh,grapes
9.15,46.49,12.9,15.11,17.14,6.12,101.62,Kharif,Kerala,kidneybeans
12.38,23.08,28.55,24.47,99.8,5.26,172.83,Annual,West Bengal,coconut
22.23,11.7,41.63,30.39,66.1,6.44,84.89,Annual,Kerala,mango
61.48,29.57,27.65,25.48,48.88,6.94,160.15,Annual,Kerala,coffee
63.24,44.15,24.63,24.35,64.76,5.97,121.96,Kharif,Kerala,maize
30.6,49.61,36.14,28.53,77.48,6.89,50.34,Kharif,Maharashtra,mothbeans
8.65,10.38,45.45,21.83,93.16,6.24,86.51,Annual,West Bengal,pomegranate
31.56,0.0,14.89,26.91,88.55,7.03,106.44,Annual,Karnataka,orange
94.44,42.73,15.51,26.79,63.88,6.1,121.82,Kharif,West Bengal,maize
24.42,37.68,38.58,28.81,54.8,6.63,77.25,Annual,Tamil Nadu,mango
118.28,40.74,5.16,19.63,85.1,7.54,112.0,Kharif,Madhya Pradesh,cotton
11.24,84.37,20.81,24.51,41.79,5.48,128.73,Kharif,Tamil Nadu,pigeonpeas
14.69,19.37,26.62,28.09,92.92,6.51,175.21,Annual,Punjab,coconut
84.64,23.97,46.99,21.93,52.73,6.3,134.32,Annual,Madhya Pradesh,coffee
23.14,69.62,7.59,18.34,79.34,6.97,36.53,Rabi,Madhya Pradesh,lentil
28.95,59.4,26.94,15.99,18.13,5.4,111.85,Kharif,Punjab,kidneybeans
126.6,30.04,22.16,23.15,64.54,6.98,116.74,Annual,Kerala,coffee
13.69,24.91,31.45,30.69,62.58,6.2,100.8,Annual,Maharashtra,mango
36.31,120.57,210.0,26.2,85.87,5.96,67.19,Annual,Telangana,grapes
89.81,15.63,37.5,24.26,93.84,6.66,53.28,Zaid,West Bengal,watermelon
35.27,27.77,44.52,26.43,76.19,5.92,284.82,Kharif,Madhya Pradesh,rice
95.03,23.72,45.3,24.79,77.5,7.01,147.76,Annual,Punjab,coffee
109.87,16.47,44.04,21.74,83.04,6.58,20.61,Zaid,Uttar Pradesh,watermelon
35.78,45.43,30.69,33.09,79.89,6.46,34.51,Kharif,Tamil Nadu,mungbean
96.86,35.66,32.33,24.38,68.98,6.01,122.6,Annual,Tamil Nadu,coffee
80.42,37.83,18.32,25.56,74.21,6.19,62.21,Kharif,Tamil Nadu,maize
39.57,94.71,18.44,30.67,70.17,7.47,74.34,Kharif,Maharashtra,blackgram
21.6,49.07,8.43,29.48,83.35,6.62,65.72,Kharif,Andhra Pradesh,mungbean
14.99,62.14,12.94,28.34,40.64,5.71,175.47,Kharif,Andhra Pradesh,pigeonpeas
11.15,73.29,28.46,28.09,29.47,5.32,166.94,Kharif,Telangana,pigeonpeas
64.51,63.1,22.61,21.07,70.33,6.05,78.68,Kharif,Andhra Pradesh,maize
46.75,36.42,92.41,15.27,18.99,7.42,96.69,Rabi,Uttar Pradesh,chickpea
20.07,19.04,7.36,24.76,88.55,6.65,114.28,Annual,Telangana,orange
82.64,38.28,46.31,24.6,79.0,6.72,146.54,Kharif,Tamil Nadu,jute
34.17,78.08,14.13,27.38,67.76,7.4,81.53,Kharif,Madhya Pradesh,blackgram
76.17,46.04,42.78,23.0,80.1,7.06,182.66,Kharif,Andhra Pradesh,jute
113.09,27.68,34.41,27.63,58.81,7.36,129.41,Annual,West Bengal,coffee
53.23,66.15,51.18,29.68,88.38,6.46,180.03,Annual,Punjab,papaya
49.89,79.59,16.39,29.58,50.09,7.15,58.09,Kharif,Maharashtra,blackgram
9.41,39.42,16.06,22.67,92.13,6.38,71.33,Annual,Telangana,orange
102.96,17.16,38.4,28.79,89.88,6.01,37.67,Zaid,Kerala,muskmelon
18.96,66.16,16.7,15.09,65.6,6.5,29.7,Rabi,Punjab,lentil
74.65,46.79,42.2,29.08,86.18,6.34,288.53,Kharif,Tamil Nadu,rice
109.35,42.37,10.44,26.08,50.54,7.0,169.7,Annual,Kerala,coffee
26.04,92.32,20.49,15.7,13.89,6.08,69.71,Kharif,West Bengal,kidneybeans
29.57,68.87,31.97,31.23,54.84,5.34,201.94,Kharif,Maharashtra,pigeonpeas
103.29,48.62,19.74,28.87,84.8,7.37,75.66,Kharif,Uttar Pradesh,cotton
81.63,53.9,32.85,23.58,79.92,7.18,177.5,Kharif,Karnataka,jute
103.97,84.71,63.89,26.6,84.14,5.22,64.65,Annual,Kerala,banana
24.95,47.74,18.48,29.01,82.79,6.83,53.06,Kharif,Andhra Pradesh,mungbean
104.68,40.9,22.81,22.35,84.87,6.41,60.21,Kharif,Madhya Pradesh,cotton
14.38,147.56,193.63,20.96,90.54,6.4,93.43,Rabi,Tamil Nadu,apple
29.77,37.02,19.32,28.36,68.26,7.02,52.64,Kharif,Andhra Pradesh,mothbeans
71.93,52.28,14.88,26.56,58.69,6.22,81.47,Kharif,Uttar Pradesh,maize
71.67,15.12,53.39,24.92,80.3,5.98,62.09,Zaid,Punjab,watermelon
18.06,29.91,42.73,28.45,47.31,5.32,78.4,Annual,Karnataka,mango
19.79,9.7,5.88,19.9,85.6,6.46,109.19,Annual,Madhya Pradesh,orange
98.36,35.31,37.91,27.72,61.22,7.24,164.63,Annual,Punjab,coffee
13.72,133.66,210.0,21.14,93.45,5.57,56.89,Rabi,West Bengal,apple
130.89,9.72,43.12,29.01,87.37,6.91,30.27,Zaid,Karnataka,watermelon
9.75,25.02,43.51,29.88,53.33,5.71,120.93,Annual,Uttar Pradesh,mango
27.32,21.05,42.37,30.83,95.0,5.2,157.49,Annual,Uttar Pradesh,coconut
27.97,48.54,32.7,24.81,84.96,7.04,47.14,Kharif,Karnataka,mungbean
15.0,77.91,22.85,17.09,23.68,5.77,105.25,Kharif,Karnataka,kidneybeans
8.96,55.43,12.72,30.73,83.95,6.48,74.14,Kharif,Maharashtra,mungbean
104.95,30.7,46.85,20.13,57.45,6.88,156.21,Annual,Punjab,coffee
6.56,15.67,43.79,27.79,99.13,6.43,175.52,Annual,Uttar Pradesh,coconut
20.54,46.32,9.45,27.05,67.81,6.09,98.23,Kharif,Tamil Nadu,pigeonpeas
74.8,52.75,30.66,23.94,75.02,6.46,160.88,Kharif,West Bengal,jute
19.44,58.14,23.18,13.09,59.82,7.14,29.55,Rabi,Punjab,lentil
36.72,65.43,26.01,29.24,77.06,7.66,68.22,Kharif,Tamil Nadu,blackgram
13.59,11.64,43.0,20.54,91.77,6.7,126.84,Annual,West Bengal,pomegranate
109.04,52.57,6.87,26.97,71.97,6.78,48.02,Kharif,Telangana,cotton
99.34,96.99,56.09,26.62,83.94,6.22,116.8,Annual,Kerala,banana
98.85,24.75,42.8,24.05,61.71,5.87,117.16,Annual,Punjab,coffee
20.33,66.4,8.08,27.48,61.04,6.65,59.54,Rabi,Punjab,lentil
71.27,68.46,32.32,20.54,77.17,5.9,151.22,Kharif,Andhra Pradesh,jute
25.15,16.35,11.12,26.43,95.94,5.49,179.14,Annual,Maharashtra,coconut
102.73,72.91,32.57,29.9,76.84,6.36,105.71,Annual,Maharashtra,banana
61.58,30.73,31.88,19.77,52.42,5.86,95.51,Kharif,Karnataka,maize
21.96,21.14,26.48,30.98,45.83,5.87,104.15,Annual,West Bengal,mango
26.8,49.12,22.01,28.41,78.74,6.65,53.32,Kharif,Tamil Nadu,mungbean
130.13,56.76,10.35,21.21,88.72,6.86,66.79,Kharif,Karnataka,cotton
102.4,24.43,17.7,27.3,70.75,7.46,141.17,Annual,Punjab,coffee
24.73,56.7,11.91,26.89,40.58,6.45,68.78,Kharif,Madhya Pradesh,mothbeans
25.6,119.64,206.93,32.76,84.1,4.89,109.78,Annual,Punjab,grapes
148.92,41.8,31.22,24.35,84.18,6.29,86.97,Kharif,Kerala,cotton
18.83,150.0,208.87,28.59,78.08,6.02,76.03,Annual,West Bengal,grapes
126.3,25.55,58.96,35.9,92.39,6.28,26.77,Zaid,Maharashtra,muskmelon
90.87,50.49,38.12,25.83,82.79,6.51,262.28,Kharif,Tamil Nadu,rice
58.88,50.87,37.32,23.64,79.91,6.74,159.39,Kharif,Punjab,jute
49.44,66.14,67.31,36.05,92.55,5.96,165.26,Annual,Kerala,papaya
62.95,18.44,17.87,21.67,50.59,6.33,73.75,Kharif,Telangana,maize
115.23,62.29,53.59,25.77,88.75,6.2,238.11,Kharif,Uttar Pradesh,rice
15.81,19.92,59.97,20.97,92.82,6.66,93.24,Annual,Andhra Pradesh,pomegranate
15.21,7.88,37.41,19.92,86.97,6.48,109.8,Annual,Telangana,pomegranate
79.08,91.55,32.96,21.22,84.54,5.96,116.82,Annual,Uttar Pradesh,banana
6.97,84.16,21.46,21.84,14.55,5.34,81.76,Kharif,Karnataka,kidneybeans
19.03,69.33,25.73,26.62,58.79,5.8,173.79,Kharif,Punjab,pigeonpeas
28.19,32.64,29.13,31.73,43.37,6.51,136.36,Annual,Andhra Pradesh,mango
98.47,13.53,48.14,25.8,89.88,6.18,22.13,Zaid,Uttar Pradesh,muskmelon
120.27,23.73,60.25,23.86,91.03,6.59,33.71,Zaid,Punjab,muskmelon
50.57,69.54,55.46,15.1,26.01,7.5,59.76,Rabi,Telangana,chickpea
42.01,56.13,27.04,34.19,60.33,6.18,77.49,Kharif,Tamil Nadu,blackgram
28.89,135.4,205.64,17.79,95.77,5.67,91.15,Rabi,Maharashtra,apple
84.04,40.51,27.75,33.03,78.81,6.28,69.73,Kharif,Tamil Nadu,cotton
18.57,20.47,27.82,39.77,63.74,4.98,106.11,Annual,Maharashtra,mango
94.48,1.09,63.75,21.92,85.85,5.93,59.31,Zaid,Andhra Pradesh,watermelon
61.18,56.32,26.45,27.38,80.28,6.69,182.43,Kharif,Andhra Pradesh,jute
19.41,70.11,19.81,16.5,11.7,5.54,83.53,Kharif,Uttar Pradesh,kidneybeans
8.99,103.61,210.0,26.03,88.74,5.79,100.85,Rabi,Tamil Nadu,apple
19.63,77.44,18.41,14.63,69.55,6.5,25.14,Rabi,Tamil Nadu,lentil
101.61,39.17,10.06,24.65,86.12,6.98,73.84,Kharif,Telangana,cotton
86.66,19.17,38.53,32.8,87.52,6.44,45.61,Zaid,Kerala,watermelon
22.28,38.53,20.3,29.15,70.18,7.19,68.22,Kharif,Maharashtra,mothbeans
83.97,21.48,32.88,20.06,69.15,6.67,167.5,Annual,Madhya Pradesh,coffee
40.17,75.63,30.43,30.18,66.53,5.41,73.18,Kharif,Andhra Pradesh,pigeonpeas
23.08,150.0,190.5,25.21,95.61,6.26,108.9,Rabi,Maharashtra,apple
65.16,49.99,45.08,22.15,76.99,6.19,187.73,Kharif,Karnataka,jute
23.05,21.24,41.65,32.64,45.22,6.45,113.79,Annual,Tamil Nadu,mango
71.21,41.64,14.88,22.92,61.11,5.73,97.13,Kharif,Maharashtra,maize
112.14,83.75,51.11,28.61,77.02,6.45,104.96,Annual,Karnataka,banana
21.8,25.36,46.69,22.05,92.57,6.74,134.91,Annual,Kerala,pomegranate
123.22,4.18,48.17,24.5,88.99,6.32,15.12,Zaid,Uttar Pradesh,muskmelon
84.65,29.39,31.97,25.62,81.84,6.32,42.25,Zaid,Madhya Pradesh,watermelon
13.46,16.78,11.86,20.98,86.18,7.25,114.75,Annual,Kerala,orange
20.3,101.61,207.91,22.51,84.89,6.19,64.79,Annual,Tamil Nadu,grapes
0.0,73.8,19.23,31.57,39.19,5.98,175.39,Kharif,Maharashtra,pigeonpeas
124.69,29.84,37.87,19.68,62.78,7.01,121.84,Annual,Karnataka,coffee
5.48,128.6,195.81,16.54,92.93,6.1,149.2,Rabi,Uttar Pradesh,apple
21.35,55.87,58.84,32.81,97.02,7.19,121.04,Annual,Telangana,papaya
62.21,50.26,42.42,22.6,79.93,6.94,144.25,Kharif,Uttar Pradesh,jute
86.24,29.17,49.28,19.96,86.92,6.56,43.27,Zaid,Tamil Nadu,watermelon
111.55,53.34,9.89,25.27,81.88,6.17,81.74,Kharif,Telangana,cotton
24.99,69.18,18.14,23.75,15.56,5.8,105.3,Kharif,Uttar Pradesh,kidneybeans
27.03,130.86,210.0,22.92,77.53,5.78,67.0,Annual,Kerala,grapes
8.89,24.11,31.77,29.88,46.11,5.86,125.3,Annual,Karnataka,mango
100.77,38.76,25.8,20.91,75.33,6.99,97.45,Kharif,Madhya Pradesh,cotton
90.13,52.95,41.8,23.03,88.13,6.83,249.78,Kharif,Tamil Nadu,rice
83.38,86.13,61.97,28.51,84.27,6.05,109.31,Annual,Tamil Nadu,banana
104.98,12.03,42.42,23.55,88.65,6.13,49.19,Zaid,Madhya Pradesh,watermelon
16.14,32.79,50.1,22.72,91.52,6.32,144.99,Annual,Telangana,pomegranate
12.32,18.67,13.47,22.49,93.19,6.55,112.76,Annual,Uttar Pradesh,orange
99.94,27.05,31.77,26.59,61.73,6.49,144.73,Annual,Uttar Pradesh,coffee
80.21,27.46,33.08,23.9,77.01,6.78,180.29,Kharif,Tamil Nadu,jute
15.62,3.26,28.6,26.55,98.38,5.45,173.03,Annual,Uttar Pradesh,coconut
16.91,56.98,22.05,20.32,55.0,5.32,161.12,Kharif,Madhya Pradesh,pigeonpeas
23.27,13.08,32.69,31.63,52.91,5.99,124.92,Annual,Karnataka,mango
25.05,12.74,7.3,25.76,86.52,7.22,97.75,Annual,West Bengal,orange
66.26,33.28,31.82,21.83,66.7,5.16,131.56,Kharif,Madhya Pradesh,maize
44.8,56.42,25.64,22.27,58.98,6.69,71.17,Kharif,Madhya Pradesh,blackgram
22.87,86.37,32.99,28.44,52.62,6.2,112.29,Kharif,Andhra Pradesh,pigeonpeas
86.24,11.5,72.21,30.27,96.45,6.3,24.98,Zaid,Andhra Pradesh,muskmelon
14.49,0.03,36.93,26.43,89.43,5.91,189.53,Annual,Punjab,coconut
22.37,150.0,198.57,19.81,74.17,6.05,58.59,Annual,Kerala,grapes
81.55,43.75,52.29,25.59,80.3,6.8,193.32,Kharif,Andhra Pradesh,jute
79.8,17.4,18.47,23.35,79.77,5.37,75.23,Kharif,Tamil Nadu,maize
118.75,42.89,3.16,26.64,90.96,7.14,90.83,Kharif,Andhra Pradesh,cotton
34.52,142.86,210.0,24.76,91.4,5.82,106.05,Rabi,West Bengal,apple
65.01,40.37,21.38,16.57,61.56,6.11,79.62,Kharif,Karnataka,maize
30.97,45.42,17.31,22.42,57.52,7.13,23.27,Kharif,Maharashtra,mothbeans
35.15,55.8,65.48,29.32,21.92,7.13,99.98,Rabi,Karnataka,chickpea
95.96,50.56,33.78,27.96,87.79,6.77,251.18,Kharif,Uttar Pradesh,rice
81.99,40.68,24.39,27.58,47.02,5.26,90.26,Kharif,Karnataka,maize
17.86,52.18,28.06,26.29,55.19,7.26,32.6,Kharif,Karnataka,mothbeans
19.75,126.52,185.79,21.05,88.71,5.87,81.57,Rabi,Kerala,apple
20.31,25.46,35.1,16.99,91.97,6.3,80.85,Annual,Andhra Pradesh,pomegranate
12.73,18.33,32.0,29.97,62.37,5.61,96.17,Annual,West Bengal,mango
9.76,22.36,31.3,28.73,47.36,4.76,87.59,Annual,Andhra Pradesh,mango
96.84,38.91,16.97,29.3,52.89,6.86,159.3,Annual,Maharashtra,coffee
17.08,14.14,15.85,35.42,49.39,5.78,84.15,Annual,Madhya Pradesh,mango
109.47,24.66,21.47,24.84,54.83,6.4,114.02,Annual,Madhya Pradesh,coffee
51.97,56.02,28.38,27.04,66.8,7.21,79.92,Kharif,Punjab,blackgram
32.18,15.73,34.85,36.19,55.48,5.03,69.37,Annual,Karnataka,mango
10.75,16.07,11.62,19.34,95.95,6.51,127.04,Annual,Tamil Nadu,orange
13.41,42.79,19.9,31.34,52.89,5.54,74.96,Annual,Madhya Pradesh,mango
23.08,44.9,35.31,27.24,64.68,6.17,34.58,Kharif,Maharashtra,mothbeans
87.94,95.08,51.22,33.98,81.59,5.86,119.37,Annual,Andhra Pradesh,banana
21.91,133.55,210.0,19.21,100.0,6.41,107.93,Rabi,Maharashtra,apple
16.59,65.3,24.34,26.94,57.74,5.57,110.15,Kharif,West Bengal,pigeonpeas
89.75,36.47,48.79,27.33,82.33,6.65,248.7,Kharif,Uttar Pradesh,rice
105.32,21.09,60.36,26.15,94.67,5.71,23.8,Zaid,Andhra Pradesh,muskmelon
20.39,61.7,22.94,25.75,56.68,5.01,133.75,Kharif,Punjab,pigeonpeas
125.7,47.28,5.19,20.83,77.38,7.4,52.31,Kharif,Madhya Pradesh,cotton
86.89,91.87,54.22,24.38,79.64,5.68,113.72,Annual,Telangana,banana
13.8,79.44,25.23,22.3,55.97,6.05,44.94,Rabi,Punjab,lentil
62.95,34.89,51.69,26.1,79.43,7.46,222.43,Kharif,Punjab,jute
21.56,14.35,4.45,15.81,89.87,6.19,132.23,Annual,Karnataka,orange
107.55,94.44,55.4,22.88,75.29,6.37,84.88,Annual,Madhya Pradesh,banana
24.64,141.46,210.0,29.6,83.9,5.88,48.55,Annual,Uttar Pradesh,grapes
28.41,51.48,20.4,28.12,53.24,7.08,65.22,Kharif,Andhra Pradesh,blackgram
87.92,20.56,45.13,22.84,60.18,7.34,168.55,Annual,West Bengal,coffee
88.18,76.24,44.57,26.86,77.36,5.48,107.14,Annual,Madhya Pradesh,banana
98.09,6.5,35.41,22.64,82.75,6.34,46.61,Zaid,Maharashtra,watermelon
14.8,66.51,16.72,22.56,44.67,5.97,144.66,Kharif,West Bengal,pigeonpeas
33.17,72.03,26.43,26.2,40.92,6.13,155.14,Kharif,Tamil Nadu,pigeonpeas
23.31,60.96,7.85,25.12,56.99,6.8,41.86,Rabi,West Bengal,lentil
38.85,84.11,75.74,10.24,20.03,6.95,75.85,Rabi,Tamil Nadu,chickpea
18.39,89.45,5.9,26.06,60.12,5.07,130.69,Kharif,Andhra Pradesh,pigeonpeas
20.2,6.28,26.88,17.41,89.1,6.31,110.05,Annual,Tamil Nadu,pomegranate
21.45,0.0,64.21,21.55,91.37,6.94,114.31,Annual,Tamil Nadu,pomegranate
25.7,53.21,11.73,28.97,46.23,5.79,182.18,Kharif,Uttar Pradesh,pigeonpeas
16.22,47.51,19.66,20.97,71.69,6.95,59.34,Rabi,Tamil Nadu,lentil
17.23,16.45,22.7,31.04,45.77,6.27,99.54,Annual,Tamil Nadu,mango
23.68,36.83,15.28,34.49,83.73,6.33,67.29,Kharif,Uttar Pradesh,mungbean
66.22,43.23,45.61,38.76,91.73,6.81,173.17,Annual,Telangana,papaya
32.53,41.42,55.52,38.56,87.96,6.76,114.12,Annual,Tamil Nadu,papaya
6.87,46.04,19.02,18.37,67.18,6.58,73.29,Rabi,West Bengal,lentil
12.7,10.25,57.28,21.34,94.5,7.09,96.78,Annual,Karnataka,pomegranate
8.64,17.11,45.16,20.35,86.0,6.92,119.61,Annual,Kerala,pomegranate
106.94,25.58,39.06,29.98,96.91,7.34,32.07,Zaid,Punjab,muskmelon
15.57,9.92,28.46,21.18,91.23,5.69,120.2,Annual,Karnataka,pomegranate
100.36,20.83,48.45,24.97,87.09,7.06,43.7,Zaid,Uttar Pradesh,watermelon
91.47,106.94,39.64,24.62,75.01,6.39,98.93,Annual,Uttar Pradesh,banana
12.53,19.18,18.67,32.91,49.67,5.25,87.74,Annual,Madhya Pradesh,mango
19.96,19.98,49.38,23.5,90.78,6.18,107.16,Annual,Karnataka,pomegranate
90.01,31.26,27.21,24.96,56.69,7.3,187.64,Annual,Tamil Nadu,coffee
105.02,30.98,29.53,30.6,70.56,6.53,195.24,Annual,West Bengal,coffee
102.0,102.33,35.3,27.55,78.03,5.96,135.56,Annual,Andhra Pradesh,banana
38.68,55.56,26.99,28.82,73.5,7.0,69.64,Kharif,Madhya Pradesh,blackgram
1.81,51.95,5.53,29.28,50.93,6.86,36.32,Kharif,Punjab,mothbeans
58.05,50.91,34.59,35.24,98.58,6.92,175.84,Annual,Karnataka,papaya
97.37,46.44,31.47,23.67,78.19,6.66,209.26,Kharif,Punjab,jute
102.34,74.84,33.46,30.92,78.25,5.58,113.41,Annual,Kerala,banana
59.85,46.46,41.72,35.34,95.72,6.38,150.8,Annual,Punjab,papaya
41.09,24.16,31.68,29.73,97.72,5.35,169.43,Annual,Tamil Nadu,coconut
63.75,83.43,47.57,32.7,92.95,6.26,127.73,Annual,Karnataka,papaya
24.57,145.55,210.0,23.87,72.52,5.91,69.7,Annual,Uttar Pradesh,grapes
19.22,30.31,25.95,30.43,48.52,5.54,86.17,Annual,Karnataka,mango
30.82,76.31,16.55,25.45,77.22,7.33,64.27,Kharif,Punjab,blackgram
55.32,59.89,40.58,32.55,88.2,7.02,159.29,Annual,Uttar Pradesh,papaya
40.12,55.63,4.37,34.21,60.7,6.28,83.47,Kharif,Uttar Pradesh,blackgram
12.3,63.21,18.68,16.3,19.94,5.83,122.79,Kharif,Telangana,kidneybeans
8.47,27.6,32.55,30.19,51.93,5.91,100.14,Annual,Tamil Nadu,mango
22.55,15.57,36.11,31.42,88.86,5.7,213.53,Annual,Punjab,coconut
131.76,31.79,42.0,25.82,55.17,6.38,161.03,Annual,Maharashtra,coffee
23.88,16.53,9.48,25.92,100.0,6.23,126.67,Annual,Kerala,orange
20.68,36.99,22.95,32.72,48.25,5.8,96.69,Annual,Punjab,mango
13.29,137.88,197.34,23.4,83.38,6.28,70.53,Annual,Madhya Pradesh,grapes
99.71,44.86,47.02,21.89,81.94,6.12,181.36,Kharif,Andhra Pradesh,rice
16.15,56.6,19.65,33.39,88.31,6.49,53.59,Kharif,Telangana,mungbean
29.68,70.73,33.75,16.84,30.74,6.07,170.42,Kharif,Punjab,kidneybeans
19.24,12.93,32.32,25.43,93.29,5.54,189.73,Annual,Kerala,coconut
30.31,54.7,17.79,30.27,53.78,6.18,60.09,Kharif,Maharashtra,mothbeans
18.74,11.33,31.42,18.96,91.03,6.66,76.71,Annual,Karnataka,pomegranate
89.0,42.5,15.95,27.83,77.3,7.23,107.66,Kharif,Uttar Pradesh,cotton
19.67,150.0,210.0,29.8,70.24,5.83,70.06,Annual,Uttar Pradesh,grapes
21.96,46.4,29.83,26.38,83.79,7.23,48.62,Kharif,Maharashtra,mungbean
102.75,37.39,26.72,24.95,62.16,6.78,79.08,Kharif,Telangana,maize
32.45,32.13,58.8,25.69,14.59,6.92,107.85,Rabi,Andhra Pradesh,chickpea
27.26,24.39,28.38,25.45,87.07,6.23,225.06,Annual,Andhra Pradesh,coconut
23.31,43.62,4.58,23.63,41.53,6.36,56.22,Kharif,Madhya Pradesh,mothbeans
39.69,57.99,81.43,21.27,12.29,7.24,62.8,Rabi,Punjab,chickpea
12.69,18.46,23.24,26.37,95.84,5.83,144.52,Annual,Tamil Nadu,coconut
114.05,17.76,36.99,21.94,56.63,7.26,157.02,Annual,Maharashtra,coffee
25.94,55.18,27.59,26.17,90.9,6.45,59.8,Kharif,Karnataka,mungbean
37.48,49.9,47.11,31.53,88.96,6.18,194.03,Annual,Andhra Pradesh,papaya
20.95,10.8,44.34,20.08,87.11,6.43,112.85,Annual,Kerala,pomegranate
67.22,50.37,45.89,33.36,98.38,6.36,152.28,Annual,Maharashtra,papaya
24.82,40.81,25.68,25.28,82.14,6.44,33.92,Kharif,Telangana,mungbean
106.62,67.64,47.86,30.29,84.85,5.58,91.36,Annual,Punjab,banana
14.44,24.42,24.22,26.56,91.36,6.32,158.35,Annual,Andhra Pradesh,coconut
30.88,132.53,210.0,27.29,81.29,6.16,78.91,Annual,West Bengal,grapes
6.25,7.76,33.17,27.67,93.06,6.35,208.85,Annual,West Bengal,coconut
101.46,26.14,62.32,31.98,93.14,6.41,20.51,Zaid,Maharashtra,muskmelon
7.91,55.64,18.68,27.71,35.92,6.73,59.2,Kharif,Punjab,mothbeans
7.65,31.43,42.93,34.06,33.23,5.27,69.4,Annual,West Bengal,mango
13.97,7.99,12.5,18.98,85.87,5.95,105.31,Annual,Andhra Pradesh,orange
5.71,59.67,26.08,18.91,24.54,5.77,128.39,Kharif,Kerala,kidneybeans
92.35,36.87,40.14,25.98,73.08,6.02,178.87,Kharif,Telangana,jute
84.54,55.28,40.51,26.77,74.14,6.71,192.83,Kharif,Kerala,jute
123.24,52.7,22.19,24.22,81.44,6.31,79.38,Kharif,West Bengal,cotton
11.12,47.09,21.62,25.57,51.25,5.81,63.9,Kharif,Kerala,mothbeans
26.65,121.55,209.7,24.04,79.8,5.66,63.04,Annual,Karnataka,grapes
74.7,28.96,22.58,19.4,68.7,5.51,70.84,Kharif,Kerala,maize
116.6,14.83,48.9,31.22,89.13,5.81,15.0,Zaid,Kerala,muskmelon
74.0,50.63,30.28,23.42,71.33,6.54,201.62,Kharif,Kerala,jute
93.07,33.11,50.17,23.15,81.57,5.97,63.12,Zaid,Tamil Nadu,watermelon
82.32,68.42,47.4,24.88,76.67,6.45,192.0,Kharif,Uttar Pradesh,jute
13.68,150.0,208.93,26.92,90.61,4.96,89.83,Rabi,Kerala,apple
20.15,44.32,22.51,34.46,48.99,4.96,91.23,Annual,Kerala,mango
64.94,54.02,91.77,23.88,11.03,7.55,72.85,Rabi,Telangana,chickpea
11.69,117.44,194.78,23.02,91.27,6.1,111.02,Rabi,Tamil Nadu,apple
43.7,73.02,71.96,20.21,13.26,7.04,52.5,Rabi,Punjab,chickpea
13.12,19.81,41.4,33.99,46.12,4.76,72.43,Annual,Kerala,mango
42.77,48.79,76.26,17.02,22.22,7.89,96.13,Rabi,Maharashtra,chickpea
64.41,63.24,48.91,38.21,92.06,7.08,193.96,Annual,Andhra Pradesh,papaya
106.94,76.11,38.84,27.55,74.85,6.33,102.14,Annual,Tamil Nadu,banana
49.62,48.63,8.89,25.36,65.07,7.7,60.97,Kharif,Uttar Pradesh,blackgram
79.44,43.03,45.04,26.0,83.28,6.96,225.0,Kharif,Andhra Pradesh,jute
15.47,13.51,39.51,19.21,88.39,6.45,96.56,Annual,Kerala,pomegranate
54.01,54.79,51.91,33.64,85.57,6.52,114.17,Annual,Karnataka,papaya
117.88,28.25,54.41,18.23,81.82,7.03,74.35,Zaid,Karnataka,watermelon
46.53,51.78,26.14,27.28,55.52,7.01,91.01,Kharif,Maharashtra,blackgram
20.56,27.66,45.3,23.24,88.15,6.3,102.63,Annual,Tamil Nadu,pomegranate
31.78,59.75,63.31,34.08,94.72,6.16,130.7,Annual,Tamil Nadu,papaya
105.96,33.58,40.06,32.79,83.12,6.77,233.66,Kharif,Tamil Nadu,rice
99.15,4.76,43.08,21.68,92.4,6.1,30.7,Zaid,Karnataka,watermelon
51.45,51.11,6.8,29.4,61.69,6.35,77.89,Kharif,Telangana,blackgram
66.06,40.56,37.88,26.39,78.69,6.72,231.15,Kharif,Uttar Pradesh,jute
11.6,68.21,10.3,19.28,36.76,6.48,119.37,Kharif,Madhya Pradesh,kidneybeans
42.31,79.36,80.9,19.33,23.58,7.59,89.64,Rabi,West Bengal,chickpea
126.17,26.89,67.5,32.14,97.86,6.38,15.0,Zaid,Madhya Pradesh,muskmelon
26.94,13.68,23.06,35.71,37.92,6.68,49.88,Kharif,West Bengal,mothbeans
9.69,150.0,186.63,24.23,94.21,6.15,149.06,Rabi,Karnataka,apple
18.06,62.07,41.68,24.39,40.41,6.32,48.45,Kharif,Tamil Nadu,mothbeans
44.44,61.21,20.93,27.1,75.11,7.86,90.7,Kharif,Maharashtra,blackgram
31.9,33.52,16.33,27.77,58.86,5.92,25.95,Kharif,Karnataka,mothbeans
37.86,43.39,102.72,22.73,16.58,7.11,96.65,Rabi,Madhya Pradesh,chickpea
34.22,15.77,41.69,24.68,92.09,5.05,178.78,Annual,Karnataka,coconut
38.75,134.31,210.0,20.26,94.3,5.94,129.14,Rabi,Punjab,apple
19.94,41.58,25.97,27.5,79.17,7.62,49.74,Kharif,Karnataka,mungbean
28.21,48.24,13.45,17.61,69.79,7.47,85.53,Rabi,Karnataka,lentil
33.37,70.92,19.68,11.41,10.0,5.86,97.84,Kharif,Punjab,kidneybeans
17.4,37.91,15.52,33.23,56.07,6.89,46.07,Kharif,Andhra Pradesh,mothbeans
18.34,127.56,189.93,25.76,95.53,5.51,135.29,Rabi,Kerala,apple
21.69,59.47,29.07,28.02,73.32,6.15,61.45,Kharif,Uttar Pradesh,mungbean
94.07,9.63,40.9,25.0,85.1,5.86,84.4,Zaid,Punjab,watermelon
99.88,43.3,18.31,25.99,46.14,6.08,134.94,Kharif,Kerala,maize
70.24,33.26,14.3,20.48,81.25,6.25,107.17,Kharif,Tamil Nadu,maize
95.83,67.42,65.03,25.49,81.67,6.24,116.85,Annual,Punjab,banana
14.36,22.07,25.73,25.08,91.46,6.16,172.97,Annual,Maharashtra,coconut
19.92,2.02,12.66,19.06,86.92,5.71,133.81,Annual,West Bengal,orange
23.9,50.1,8.1,27.96,53.23,6.25,164.91,Kharif,Kerala,pigeonpeas
101.58,54.75,46.37,25.91,78.49,5.68,80.1,Annual,Uttar Pradesh,banana
35.92,52.64,24.04,28.17,67.64,7.47,61.5,Kharif,Tamil Nadu,blackgram
68.39,66.15,31.25,33.92,93.53,6.71,130.75,Annual,Tamil Nadu,papaya
26.88,33.68,13.41,29.37,91.13,5.6,70.62,Kharif,Madhya Pradesh,mungbean
88.43,56.27,67.21,25.77,80.48,6.43,163.69,Kharif,Telangana,jute
95.33,87.54,45.48,31.94,90.09,6.25,143.53,Annual,Karnataka,banana
81.59,31.18,39.82,26.01,83.72,6.33,61.46,Zaid,Andhra Pradesh,watermelon
105.83,29.86,29.64,26.23,74.28,6.7,145.89,Annual,West Bengal,coffee
26.95,104.26,204.29,22.13,89.84,6.06,110.41,Rabi,Maharashtra,apple
101.66,49.35,36.24,24.6,75.13,6.1,219.34,Kharif,Tamil Nadu,rice
16.24,31.06,25.61,31.35,49.89,6.61,35.58,Kharif,Andhra Pradesh,mothbeans
71.66,62.18,56.08,31.62,97.63,6.94,181.07,Annual,Andhra Pradesh,papaya
14.86,10.31,61.03,24.2,91.38,6.2,98.78,Annual,Tamil Nadu,pomegranate
87.66,47.16,43.58,26.49,76.93,7.2,171.46,Kharif,West Bengal,jute
27.24,20.41,34.64,21.4,92.92,7.0,102.35,Annual,Andhra Pradesh,pomegranate
92.8,24.65,52.92,26.33,86.04,6.84,17.56,Zaid,Uttar Pradesh,muskmelon
17.03,31.13,38.58,20.51,85.09,5.58,101.67,Annual,Karnataka,pomegranate
122.33,33.62,9.93,26.7,78.61,6.75,76.62,Kharif,Madhya Pradesh,cotton
45.38,48.88,47.22,37.21,91.7,6.17,125.17,Annual,West Bengal,papaya
24.35,22.14,41.16,25.16,91.38,5.77,195.54,Annual,Kerala,coconut
117.86,7.28,32.51,28.62,84.04,6.34,48.33,Zaid,Uttar Pradesh,watermelon
75.43,35.9,20.74,16.32,66.82,6.1,85.99,Kharif,Andhra Pradesh,maize
97.4,21.17,47.95,27.58,78.03,6.09,28.87,Zaid,Uttar Pradesh,watermelon
14.91,132.13,180.87,23.22,96.2,5.62,120.7,Rabi,Telangana,apple
12.24,68.88,9.02,25.09,26.48,5.92,134.99,Kharif,Uttar Pradesh,pigeonpeas
8.07,16.26,4.59,20.51,87.22,6.24,87.52,Annual,Karnataka,orange
26.74,53.18,18.26,20.94,71.72,6.01,43.62,Rabi,Kerala,lentil
88.55,22.13,40.55,31.03,89.25,6.01,17.88,Zaid,Karnataka,muskmelon
120.59,49.29,26.68,27.94,83.44,6.47,52.96,Kharif,Punjab,cotton
122.23,12.64,44.65,23.94,86.6,6.06,45.73,Zaid,West Bengal,watermelon
3.88,52.78,29.6,28.61,49.87,5.3,103.92,Kharif,Kerala,pigeonpeas
105.77,24.8,32.98,27.19,50.44,6.94,89.34,Annual,Madhya Pradesh,coffee
65.62,70.21,66.61,23.23,84.41,6.18,86.86,Annual,Telangana,banana
102.93,34.79,41.02,23.57,82.65,6.33,99.19,Kharif,West Bengal,cotton
12.37,56.5,22.96,15.49,70.83,6.89,17.58,Rabi,Uttar Pradesh,lentil
2.9,150.0,169.36,33.75,79.05,6.52,86.26,Annual,Andhra Pradesh,grapes
28.98,60.88,20.27,18.9,24.32,5.73,102.6,Kharif,Telangana,kidneybeans
99.11,27.31,38.15,24.49,62.31,6.29,123.22,Annual,West Bengal,coffee
40.36,20.82,16.51,31.17,97.3,6.05,191.17,Annual,Karnataka,coconut
86.58,46.59,29.09,19.41,90.03,6.73,101.41,Kharif,West Bengal,jute
56.48,52.61,30.94,20.59,80.83,6.6,109.28,Kharif,Punjab,maize
19.35,96.53,198.8,30.83,83.67,5.79,74.93,Annual,West Bengal,grapes
18.2,44.55,20.39,28.21,85.82,6.4,41.67,Kharif,Kerala,mungbean
23.15,1.61,25.53,26.65,93.88,6.06,166.84,Annual,Karnataka,coconut
104.09,21.43,36.12,30.76,81.04,5.7,44.73,Zaid,West Bengal,watermelon
32.74,59.42,48.61,28.75,93.49,7.56,137.18,Annual,West Bengal,papaya
39.87,86.34,29.98,28.52,55.33,7.77,69.26,Kharif,Madhya Pradesh,blackgram
24.55,56.09,10.52,21.1,10.78,6.26,99.95,Kharif,Punjab,kidneybeans
118.96,52.52,30.36,24.93,85.22,6.68,73.91,Kharif,West Bengal,cotton
20.53,67.04,27.48,28.57,52.61,5.96,144.35,Kharif,Madhya Pradesh,pigeonpeas
4.1,150.0,196.87,22.57,96.55,6.56,132.06,Rabi,Maharashtra,apple
82.51,33.15,30.35,22.82,92.64,5.87,263.54,Kharif,Tamil Nadu,rice
20.8,61.59,35.4,23.95,21.28,5.83,97.53,Kharif,Maharashtra,kidneybeans
30.83,89.57,19.8,33.19,72.15,6.84,62.31,Kharif,Uttar Pradesh,blackgram
28.9,128.66,195.66,22.62,94.39,6.34,85.19,Rabi,West Bengal,apple
27.78,51.35,16.44,29.83,91.05,6.77,77.02,Kharif,Andhra Pradesh,mungbean
17.89,80.91,16.42,18.86,76.64,7.13,33.6,Rabi,Andhra Pradesh,lentil
20.95,14.3,18.75,22.35,92.04,6.22,99.68,Annual,Punjab,orange
98.06,30.3,20.66,20.57,78.42,6.88,78.19,Kharif,Madhya Pradesh,cotton
105.56,85.85,39.16,25.97,82.69,5.82,97.82,Annual,Maharashtra,banana
13.35,147.7,200.97,23.2,84.88,5.0,81.97,Rabi,Maharashtra,apple
21.91,36.52,18.49,28.97,18.91,8.01,58.5,Kharif,Maharashtra,mothbeans
17.17,31.7,22.18,36.78,36.48,6.56,96.8,Annual,Punjab,mango
88.41,47.23,46.17,22.0,76.79,6.64,213.51,Kharif,Punjab,rice
130.69,48.99,20.93,20.49,82.51,6.4,66.83,Kharif,Karnataka,cotton
94.52,23.16,34.71,23.08,49.24,6.79,154.0,Annual,Maharashtra,coffee
126.44,0.0,61.94,25.54,96.75,5.52,22.65,Zaid,Andhra Pradesh,muskmelon
20.79,27.26,58.39,25.54,93.66,6.33,92.54,Annual,Telangana,pomegranate
40.16,59.47,74.8,21.31,20.51,6.85,75.73,Rabi,Maharashtra,chickpea
10.92,67.53,19.41,18.41,58.26,7.12,40.24,Rabi,Telangana,lentil
18.1,50.45,12.36,17.15,22.45,6.52,104.16,Kharif,Uttar Pradesh,kidneybeans
83.33,36.99,44.87,26.95,87.15,5.93,34.74,Zaid,Telangana,muskmelon
95.67,71.14,62.17,27.3,78.86,6.44,59.1,Annual,Tamil Nadu,banana
86.43,41.61,41.52,24.43,82.91,6.91,165.66,Kharif,Tamil Nadu,jute
41.31,49.48,11.73,29.15,67.94,6.25,77.46,Kharif,Maharashtra,blackgram
31.07,69.63,15.73,29.44,54.25,6.97,80.72,Kharif,Karnataka,blackgram
17.59,82.24,24.63,22.13,69.96,8.11,36.18,Rabi,Uttar Pradesh,lentil
28.74,52.84,31.36,29.83,54.68,7.42,48.64,Kharif,Telangana,mothbeans
111.79,31.88,12.32,24.63,64.98,6.91,166.74,Annual,Karnataka,coffee
